event_details,event_date,event_title,fighter1,fighter2,city,state,country
http://ufcstats.com/event-details/7abe471b61725980,2023-06-03,UFC Fight Night, Kara-France,Albazi,Las Vegas,Nevada,USA
http://ufcstats.com/event-details/6f812143641ceff8,2023-05-20,UFC Fight Night, Dern,Hill,Las Vegas,Nevada,USA
http://ufcstats.com/event-details/901cddcbfa079097,2023-05-13,UFC Fight Night, Rozenstruik,Almeida,Charlotte,North Carolina,USA
http://ufcstats.com/event-details/3c6976f8182d9527,2023-05-06,UFC 288, Sterling,Cejudo,Newark,New Jersey,USA
http://ufcstats.com/event-details/51b1e2fd9872005b,2023-04-29,UFC Fight Night, Song,Simon,Las Vegas,Nevada,USA
http://ufcstats.com/event-details/6fb1ba67bef41b37,2023-04-22,UFC Fight Night, Pavlovich,Blaydes,Las Vegas,Nevada,USA
http://ufcstats.com/event-details/15b1b21cd743d652,2023-04-15,UFC Fight Night, Holloway,Allen,Kansas City,Missouri,USA
http://ufcstats.com/event-details/3dc3022232b79c7a,2023-04-08,UFC 287, Pereira,Adesanya 2,Miami,Florida,USA
http://ufcstats.com/event-details/aec273fcb765330d,2023-03-25,UFC Fight Night, Vera,Sandhagen,San Antonio,Texas,USA
http://ufcstats.com/event-details/e4bb7e483c4ad318,2023-03-18,UFC 286, Edwards,Usman 3,London,England,United Kingdom
http://ufcstats.com/event-details/35080a7f406f9ab3,2023-03-11,UFC Fight Night, Yan,Dvalishvili,Las Vegas,Nevada,USA
http://ufcstats.com/event-details/1ccff7f0cfdf85eb,2023-03-04,UFC 285, Jones,Gane,Las Vegas,Nevada,USA
http://ufcstats.com/event-details/806975e1b4f47b27,2023-02-25,UFC Fight Night, Muniz,Allen,Las Vegas,Nevada,USA
http://ufcstats.com/event-details/f21a3d68fb9df387,2023-02-18,UFC Fight Night, Andrade,Blanchfield,Las Vegas,Nevada,USA
http://ufcstats.com/event-details/01dd4cdc2446f665,2023-02-11,UFC 284, Makhachev,Volkanovski,Perth,Western Australia,Australia
http://ufcstats.com/event-details/d26394fc0e8e880a,2023-02-04,UFC Fight Night, Lewis,Spivac,Las Vegas,Nevada,USA
http://ufcstats.com/event-details/5717efc6f271cd52,2023-01-21,UFC 283, Teixeira,Hill,Rio de Janeiro,Rio de Janeiro,Brazil
http://ufcstats.com/event-details/2e2cdb6e9eb84bb9,2023-01-14,UFC Fight Night, Strickland,Imavov,Las Vegas,Nevada,USA
http://ufcstats.com/event-details/56ec58954158966a,2022-12-17,UFC Fight Night, Cannonier,Strickland,Las Vegas,Nevada,USA
http://ufcstats.com/event-details/f65a0eb902f9476b,2022-12-10,UFC 282, Blachowicz,Ankalaev,Las Vegas,Nevada,USA
http://ufcstats.com/event-details/b23388ff8ac6637b,2022-12-03,UFC Fight Night, Thompson,Holland,Orlando,Florida,USA
http://ufcstats.com/event-details/012fc7cd0779c09a,2022-11-19,UFC Fight Night, Nzechukwu,Cutelaba,Las Vegas,Nevada,USA
http://ufcstats.com/event-details/b3b6e80b7d5f8f0d,2022-11-12,UFC 281, Adesanya,Pereira,New York City,New York,USA
http://ufcstats.com/event-details/756f45905fb20cb5,2022-11-05,UFC Fight Night, Rodriguez,Lemos,Las Vegas,Nevada,USA
http://ufcstats.com/event-details/be5aab761c40ef35,2022-10-29,UFC Fight Night, Kattar,Allen,Las Vegas,Nevada,USA
http://ufcstats.com/event-details/885e7f70dcac0007,2022-10-22,UFC 280, Oliveira,Makhachev,Abu Dhabi,Abu Dhabi,United Arab Emirates
http://ufcstats.com/event-details/49c29e57d4e2be6f,2022-10-15,UFC Fight Night, Grasso,Araujo,Las Vegas,Nevada,USA
http://ufcstats.com/event-details/4f670b7972fa0a2e,2022-10-01,UFC Fight Night, Dern,Yan,Las Vegas,Nevada,USA
http://ufcstats.com/event-details/8d477c3fbe001f9d,2022-09-17,UFC Fight Night, Sandhagen,Song,Las Vegas,Nevada,USA
http://ufcstats.com/event-details/93bf96be327fcd98,2022-09-10,UFC 279, Diaz,Ferguson,Las Vegas,Nevada,USA
http://ufcstats.com/event-details/00a905a4a4a2b071,2022-09-03,UFC Fight Night, Gane,Tuivasa,Paris,Ile-de-France,France
http://ufcstats.com/event-details/4f853e98886283cf,2022-08-20,UFC 278, Usman,Edwards,Salt Lake City,Utah,USA
http://ufcstats.com/event-details/a23e63184c65f5b8,2022-08-13,UFC Fight Night, Vera,Cruz,San Diego,California,USA
http://ufcstats.com/event-details/8f6a18831a120817,2022-08-06,UFC Fight Night, Santos,Hill,Las Vegas,Nevada,USA
http://ufcstats.com/event-details/b0a6124751a56bc4,2022-07-30,UFC 277, Pena,Nunes 2,Dallas,Texas,USA
http://ufcstats.com/event-details/319c15b8aac5bfde,2022-07-23,UFC Fight Night, Blaydes,Aspinall,London,England,United Kingdom
http://ufcstats.com/event-details/8fd76e1b49c00ae2,2022-07-16,UFC Fight Night, Ortega,Rodriguez,Elmont,New York,USA
http://ufcstats.com/event-details/31da66df48c0c1a0,2022-07-09,UFC Fight Night, Dos Anjos,Fiziev,Las Vegas,Nevada,USA
http://ufcstats.com/event-details/4a9e305633f3ef47,2022-07-02,UFC 276, Adesanya,Cannonier,Las Vegas,Nevada,USA
http://ufcstats.com/event-details/eb42d4febfafefd1,2022-06-25,UFC Fight Night, Tsarukyan,Gamrot,Las Vegas,Nevada,USA
http://ufcstats.com/event-details/a0a680fe2f6cc8e6,2022-06-18,UFC Fight Night, Kattar,Emmett,Austin,Texas,USA
http://ufcstats.com/event-details/3a24769a4855040a,2022-06-11,UFC 275, Teixeira,Prochazka,Kallang,Singapore,
http://ufcstats.com/event-details/57591bbf1623574e,2022-06-04,UFC Fight Night, Volkov,Rozenstruik,Las Vegas,Nevada,USA
http://ufcstats.com/event-details/a6c32678efd4f434,2022-05-21,UFC Fight Night, Holm,Vieira,Las Vegas,Nevada,USA
http://ufcstats.com/event-details/60ba33c3f555a7a3,2022-05-14,UFC Fight Night, Blachowicz,Rakic,Las Vegas,Nevada,USA
http://ufcstats.com/event-details/253d3f9e97ca149a,2022-05-07,UFC 274, Oliveira,Gaethje,Phoenix,Arizona,USA
http://ufcstats.com/event-details/6bf5a7d3e081ade2,2022-04-30,UFC Fight Night, Font,Vera,Las Vegas,Nevada,USA
http://ufcstats.com/event-details/236a37d96d476164,2022-04-23,UFC Fight Night, Lemos,Andrade,Las Vegas,Nevada,USA
http://ufcstats.com/event-details/8753e125f4499816,2022-04-16,UFC Fight Night, Luque,Muhammad,Las Vegas,Nevada,USA
http://ufcstats.com/event-details/3a97fda0de6f1fa4,2022-04-09,UFC 273, Volkanovski,The Korean Zombie,Jacksonville,Florida,USA
http://ufcstats.com/event-details/1fac46d466abd5b8,2022-03-26,UFC Fight Night, Blaydes,Daukaus,Columbus,Ohio,USA
http://ufcstats.com/event-details/1d00756835ca67c9,2022-03-19,UFC Fight Night, Volkov,Aspinall,London,England,United Kingdom
http://ufcstats.com/event-details/1f9344211ca7fd60,2022-03-12,UFC Fight Night, Santos,Ankalaev,Las Vegas,Nevada,USA
http://ufcstats.com/event-details/75e0d3cc2262b732,2022-03-05,UFC 272, Covington,Masvidal,Las Vegas,Nevada,USA
http://ufcstats.com/event-details/f6a7b02c42e9fc5b,2022-02-26,UFC Fight Night, Makhachev,Green,Las Vegas,Nevada,USA
http://ufcstats.com/event-details/77940e45bc86208e,2022-02-19,UFC Fight Night, Walker,Hill,Las Vegas,Nevada,USA
http://ufcstats.com/event-details/cbb682f5fcc44bfc,2022-02-12,UFC 271, Adesanya,Whittaker 2,Houston,Texas,USA
http://ufcstats.com/event-details/883922e5cd6d8473,2022-02-05,UFC Fight Night, Hermansson,Strickland,Las Vegas,Nevada,USA
http://ufcstats.com/event-details/335ad945324c3a2e,2022-01-22,UFC 270, Ngannou,Gane,Anaheim,California,USA
http://ufcstats.com/event-details/f5585e675af7afd4,2022-01-15,UFC Fight Night, Kattar,Chikadze,Las Vegas,Nevada,USA
http://ufcstats.com/event-details/2a470ad41c22c25a,2021-12-18,UFC Fight Night, Lewis,Daukaus,Las Vegas,Nevada,USA
http://ufcstats.com/event-details/ef927e4fe2117ab8,2021-12-11,UFC 269, Oliveira,Poirier,Las Vegas,Nevada,USA
http://ufcstats.com/event-details/509697e08673d2e5,2021-12-04,UFC Fight Night, Font,Aldo,Las Vegas,Nevada,USA
http://ufcstats.com/event-details/c95fbc085e17a532,2021-11-20,UFC Fight Night, Vieira,Tate,Las Vegas,Nevada,USA
http://ufcstats.com/event-details/b5abaa65f87938eb,2021-11-13,UFC Fight Night, Holloway,Rodriguez,Las Vegas,Nevada,USA
http://ufcstats.com/event-details/48e093ea1f43a053,2021-11-06,UFC 268, Usman,Covington 2,New York City,New York,USA
http://ufcstats.com/event-details/3974fa35c917af1d,2021-10-30,UFC 267, Blachowicz,Teixeira,Abu Dhabi,Abu Dhabi,United Arab Emirates
http://ufcstats.com/event-details/8a9c6c4301f6d088,2021-10-23,UFC Fight Night, Costa,Vettori,Las Vegas,Nevada,USA
http://ufcstats.com/event-details/8f4616698508f24d,2021-10-16,UFC Fight Night, Ladd,Dumont,Las Vegas,Nevada,USA
http://ufcstats.com/event-details/d247691a6c0e9034,2021-10-09,UFC Fight Night, Dern,Rodriguez,Las Vegas,Nevada,USA
http://ufcstats.com/event-details/e15d0a2519d6a0b5,2021-10-02,UFC Fight Night, Santos,Walker,Las Vegas,Nevada,USA
http://ufcstats.com/event-details/0eec866a077889f0,2021-09-25,UFC 266, Volkanovski,Ortega,Las Vegas,Nevada,USA
http://ufcstats.com/event-details/4c27ca8c8481f79a,2021-09-18,UFC Fight Night, Smith,Spann,Las Vegas,Nevada,USA
http://ufcstats.com/event-details/b9532d815060de7f,2021-09-04,UFC Fight Night, Brunson,Till,Las Vegas,Nevada,USA
http://ufcstats.com/event-details/0db9d2486d564a3c,2021-08-28,UFC Fight Night, Barboza,Chikadze,Las Vegas,Nevada,USA
http://ufcstats.com/event-details/2f13e4020cea5b38,2021-08-21,UFC Fight Night, Cannonier,Gastelum,Las Vegas,Nevada,USA
http://ufcstats.com/event-details/972197a8c61ac413,2021-08-07,UFC 265, Lewis,Gane,Houston,Texas,USA
http://ufcstats.com/event-details/320edfb0332b7073,2021-07-31,UFC Fight Night, Hall,Strickland,Las Vegas,Nevada,USA
http://ufcstats.com/event-details/e57f0b06ea39e360,2021-07-24,UFC Fight Night, Sandhagen,Dillashaw,Las Vegas,Nevada,USA
http://ufcstats.com/event-details/40389d39a92f5bfa,2021-07-17,UFC Fight Night, Makhachev,Moises,Las Vegas,Nevada,USA
http://ufcstats.com/event-details/8a0be41c0380188d,2021-07-10,UFC 264, Poirier,McGregor 3,Las Vegas,Nevada,USA
http://ufcstats.com/event-details/a1d6b308781aa2f5,2021-06-26,UFC Fight Night, Gane,Volkov,Las Vegas,Nevada,USA
http://ufcstats.com/event-details/9ddfb3369a3b0394,2021-06-19,UFC Fight Night, Jung,Ige,Las Vegas,Nevada,USA
http://ufcstats.com/event-details/0b64d0fed453ef7f,2021-06-12,UFC 263, Adesanya,Vettori 2,Glendale,Arizona,USA
http://ufcstats.com/event-details/3b2485c8d5c8b580,2021-06-05,UFC Fight Night, Rozenstruik,Sakai,Las Vegas,Nevada,USA
http://ufcstats.com/event-details/277ffed20cf07aea,2021-05-22,UFC Fight Night, Font,Garbrandt,Las Vegas,Nevada,USA
http://ufcstats.com/event-details/744f50016c39c26c,2021-05-15,UFC 262, Oliveira,Chandler,Houston,Texas,USA
http://ufcstats.com/event-details/58a36b4ccf5dc30e,2021-05-08,UFC Fight Night, Rodriguez,Waterson,Las Vegas,Nevada,USA
http://ufcstats.com/event-details/d57e6a8971b6d2bd,2021-05-01,UFC Fight Night, Reyes,Prochazka,Las Vegas,Nevada,USA
http://ufcstats.com/event-details/27541033b97c076d,2021-04-24,UFC 261, Usman,Masvidal 2,Jacksonville,Florida,USA
http://ufcstats.com/event-details/4a35913bd9aa4161,2021-04-17,UFC Fight Night, Whittaker,Gastelum,Las Vegas,Nevada,USA
http://ufcstats.com/event-details/9114c8ded5ccd71d,2021-04-10,UFC Fight Night, Vettori,Holland,Las Vegas,Nevada,USA
http://ufcstats.com/event-details/6597b611f1c32555,2021-03-27,UFC 260, Miocic,Ngannou,Las Vegas,Nevada,USA
http://ufcstats.com/event-details/c36e1f4fa755ffb4,2021-03-20,UFC Fight Night, Brunson,Holland,Las Vegas,Nevada,USA
http://ufcstats.com/event-details/8c90c1563972e44d,2021-03-13,UFC Fight Night, Edwards,Muhammad,Las Vegas,Nevada,USA
http://ufcstats.com/event-details/6e2b1d631832921d,2021-03-06,UFC 259, Blachowicz,Adesanya,Las Vegas,Nevada,USA
http://ufcstats.com/event-details/81b57acd6975ac06,2021-02-27,UFC Fight Night, Rozenstruik,Gane,Las Vegas,Nevada,USA
http://ufcstats.com/event-details/bfe95ec546692b13,2021-02-20,UFC Fight Night, Blaydes,Lewis,Las Vegas,Nevada,USA
http://ufcstats.com/event-details/3f7c14c7eca7195d,2021-02-13,UFC 258, Usman,Burns,Las Vegas,Nevada,USA
http://ufcstats.com/event-details/a1153013cb5f628f,2021-02-06,UFC Fight Night, Overeem,Volkov,Las Vegas,Nevada,USA
http://ufcstats.com/event-details/4304992c2acc187b,2021-01-23,UFC 257, Poirier,McGregor,Abu Dhabi,Abu Dhabi,United Arab Emirates
http://ufcstats.com/event-details/56116537d71a578c,2021-01-20,UFC Fight Night, Chiesa,Magny,Abu Dhabi,Abu Dhabi,United Arab Emirates
http://ufcstats.com/event-details/307064d3e0f036c2,2021-01-16,UFC Fight Night, Holloway,Kattar,Abu Dhabi,Abu Dhabi,United Arab Emirates
http://ufcstats.com/event-details/e49c2db95e572dc8,2020-12-19,UFC Fight Night, Thompson,Neal,Las Vegas,Nevada,USA
http://ufcstats.com/event-details/d0d43cb9b14f231c,2020-12-12,UFC 256, Figueiredo,Moreno,Las Vegas,Nevada,USA
http://ufcstats.com/event-details/398b440e73d55b8b,2020-12-05,UFC Fight Night, Hermansson,Vettori,Las Vegas,Nevada,USA
http://ufcstats.com/event-details/992c82450d96f726,2020-11-28,UFC Fight Night, Smith,Clark,Las Vegas,Nevada,USA
http://ufcstats.com/event-details/bbb15f301e4a490a,2020-11-21,UFC 255, Figueiredo,Perez,Las Vegas,Nevada,USA
http://ufcstats.com/event-details/3bc27ec15facbcf3,2020-11-14,UFC Fight Night, Felder,Dos Anjos,Las Vegas,Nevada,USA
http://ufcstats.com/event-details/41dca66f9dadfc86,2020-11-07,UFC Fight Night, Santos,Teixeira,Las Vegas,Nevada,USA
http://ufcstats.com/event-details/ad044be25c94dcfd,2020-10-31,UFC Fight Night, Hall,Silva,Las Vegas,Nevada,USA
http://ufcstats.com/event-details/c3c38c86f5ab9b5c,2020-10-24,UFC 254, Khabib,Gaethje,Abu Dhabi,Abu Dhabi,United Arab Emirates
http://ufcstats.com/event-details/d4f364dd076bb0e2,2020-10-17,UFC Fight Night, Ortega,The Korean Zombie,Abu Dhabi,Abu Dhabi,United Arab Emirates
http://ufcstats.com/event-details/fd4578cac86d75ca,2020-10-10,UFC Fight Night, Moraes,Sandhagen,Abu Dhabi,Abu Dhabi,United Arab Emirates
http://ufcstats.com/event-details/805ad1801eb26abb,2020-10-03,UFC Fight Night, Holm,Aldana,Abu Dhabi,Abu Dhabi,United Arab Emirates
http://ufcstats.com/event-details/e69c5ce12f4e762b,2020-09-26,UFC 253, Adesanya,Costa,Abu Dhabi,Abu Dhabi,United Arab Emirates
http://ufcstats.com/event-details/831b937811804dad,2020-09-19,UFC Fight Night, Covington,Woodley,Las Vegas,Nevada,USA
http://ufcstats.com/event-details/9c37681096c6f3a9,2020-09-12,UFC Fight Night, Waterson,Hill,Las Vegas,Nevada,USA
http://ufcstats.com/event-details/542db012217ecb83,2020-09-05,UFC Fight Night, Overeem,Sakai,Las Vegas,Nevada,USA
http://ufcstats.com/event-details/e29cf523ebd155c5,2020-08-29,UFC Fight Night, Smith,Rakic,Las Vegas,Nevada,USA
http://ufcstats.com/event-details/af1e5c64b8663aa0,2020-08-22,UFC Fight Night, Munhoz,Edgar,Las Vegas,Nevada,USA
http://ufcstats.com/event-details/bda04c573563cc2e,2020-08-15,UFC 252, Miocic,Cormier 3,Las Vegas,Nevada,USA
http://ufcstats.com/event-details/7a82635ffa9b59fe,2020-08-08,UFC Fight Night, Lewis,Oleinik,Las Vegas,Nevada,USA
http://ufcstats.com/event-details/3746e21bb508391a,2020-08-01,UFC Fight Night, Brunson,Shahbazyan,Las Vegas,Nevada,USA
http://ufcstats.com/event-details/dde70a112e053a6c,2020-07-25,UFC Fight Night, Whittaker,Till,Abu Dhabi,Abu Dhabi,United Arab Emirates
http://ufcstats.com/event-details/ddbd0d6259ce57cc,2020-07-18,UFC Fight Night, Figueiredo,Benavidez 2,Abu Dhabi,Abu Dhabi,United Arab Emirates
http://ufcstats.com/event-details/18f5669a92e99d92,2020-07-15,UFC Fight Night, Kattar,Ige,Abu Dhabi,Abu Dhabi,United Arab Emirates
http://ufcstats.com/event-details/dbd198f780286aca,2020-07-11,UFC 251, Usman,Masvidal,Abu Dhabi,Abu Dhabi,United Arab Emirates
http://ufcstats.com/event-details/c32eab6c2119e989,2020-06-27,UFC Fight Night, Poirier,Hooker,Las Vegas,Nevada,USA
http://ufcstats.com/event-details/2eab7a6c8b0ed8cc,2020-06-20,UFC Fight Night, Blaydes,Volkov,Las Vegas,Nevada,USA
http://ufcstats.com/event-details/1e13936d708bcff7,2020-06-13,UFC Fight Night, Eye,Calvillo,Las Vegas,Nevada,USA
http://ufcstats.com/event-details/4c12aa7ca246e7a4,2020-06-06,UFC 250, Nunes,Spencer,Las Vegas,Nevada,USA
http://ufcstats.com/event-details/14b9e0f2679a2205,2020-05-30,UFC Fight Night, Woodley,Burns,Las Vegas,Nevada,USA
http://ufcstats.com/event-details/dfb965c9824425db,2020-05-16,UFC Fight Night, Overeem,Harris,Jacksonville,Florida,USA
http://ufcstats.com/event-details/5f8e00c27b7e7410,2020-05-13,UFC Fight Night, Smith,Teixeira,Jacksonville,Florida,USA
http://ufcstats.com/event-details/898337ef520fe4d3,2020-05-09,UFC 249, Ferguson,Gaethje,Jacksonville,Florida,USA
http://ufcstats.com/event-details/53278852bcd91e11,2020-03-14,UFC Fight Night, Lee,Oliveira,Brasilia,Distrito Federal,Brazil
http://ufcstats.com/event-details/0b5b6876c2a4723f,2020-03-07,UFC 248, Adesanya,Romero,Las Vegas,Nevada,USA
http://ufcstats.com/event-details/fc9a9559a05f2704,2020-02-29,UFC Fight Night, Benavidez,Figueiredo,Norfolk,Virginia,USA
http://ufcstats.com/event-details/33b2f68ef95252e0,2020-02-22,UFC Fight Night, Felder,Hooker,Auckland,New Zealand,
http://ufcstats.com/event-details/5df17b3620145578,2020-02-15,UFC Fight Night, Anderson,Blachowicz,Rio Rancho,New Mexico,USA
http://ufcstats.com/event-details/b26d3e3746fb4024,2020-02-08,UFC 247, Jones,Reyes,Houston,Texas,USA
http://ufcstats.com/event-details/44aa652b181bcf68,2020-01-25,UFC Fight Night, Blaydes,Dos Santos,Raleigh,North Carolina,USA
http://ufcstats.com/event-details/0c1773639c795466,2020-01-18,UFC 246, McGregor,Cowboy,Las Vegas,Nevada,USA
http://ufcstats.com/event-details/74fefd43f073cd2f,2019-12-21,UFC Fight Night, Edgar,The Korean Zombie,Busan,South Korea,
http://ufcstats.com/event-details/4565d435005319c0,2019-12-14,UFC 245, Usman,Covington,Las Vegas,Nevada,USA
http://ufcstats.com/event-details/b09890ba7ce1d1e2,2019-12-07,UFC Fight Night, Overeem,Rozenstruik,Washington,DC,USA
http://ufcstats.com/event-details/81ca2c245b19b3c5,2019-11-16,UFC Fight Night, Blachowicz,Jacare,Sao Paulo,Sao Paulo,Brazil
http://ufcstats.com/event-details/8d5daf67983b65ba,2019-11-09,UFC Fight Night, Zabit,Kattar,Moscow,Moscow,Russia
http://ufcstats.com/event-details/fd87b1bbfcde9d5e,2019-11-02,UFC 244, Masvidal,Diaz,New York City,New York,USA
http://ufcstats.com/event-details/df05aa15b2d66f57,2019-10-26,UFC Fight Night, Maia,Askren,Kallang,Singapore,
http://ufcstats.com/event-details/3ae10ac4df3df05c,2019-10-18,UFC Fight Night, Reyes,Weidman,Boston,Massachusetts,USA
http://ufcstats.com/event-details/0941df56f6ac954b,2019-10-12,UFC Fight Night, Joanna,Waterson,Tampa,Florida,USA
http://ufcstats.com/event-details/3cf68c1d17f66af7,2019-10-05,UFC 243, Whittaker,Adesanya,Melbourne,Victoria,Australia
http://ufcstats.com/event-details/1bf49bf829964144,2019-09-28,UFC Fight Night, Hermansson,Cannonier,Copenhagen,Denmark,
http://ufcstats.com/event-details/94a5aaf573f780ad,2019-09-21,UFC Fight Night, Rodriguez,Stephens,Mexico City,Distrito Federal,Mexico
http://ufcstats.com/event-details/4834ff149dc9542a,2019-09-14,UFC Fight Night, Cowboy,Gaethje,Vancouver,British Columbia,Canada
http://ufcstats.com/event-details/a79bfbc01b2264d6,2019-09-07,UFC 242, Khabib,Poirier,Abu Dhabi,Abu Dhabi,United Arab Emirates
http://ufcstats.com/event-details/2c104b7e59a72629,2019-08-31,UFC Fight Night, Andrade,Zhang,Shenzhen,Guangdong,China
http://ufcstats.com/event-details/70167689d6a01793,2019-08-17,UFC 241, Cormier,Miocic 2,Anaheim,California,USA
http://ufcstats.com/event-details/e5d03e4d966126bd,2019-08-10,UFC Fight Night, Shevchenko,Carmouche 2,Montevideo,Uruguay,
http://ufcstats.com/event-details/03da33a102d9a45f,2019-08-03,UFC Fight Night, Covington,Lawler,Newark,New Jersey,USA
http://ufcstats.com/event-details/abcf7e55a0a9ed89,2019-07-27,UFC 240, Holloway,Edgar,Edmonton,Alberta,Canada
http://ufcstats.com/event-details/9e0f28d1f639ad73,2019-07-20,UFC Fight Night, Dos Anjos,Edwards,San Antonio,Texas,USA
http://ufcstats.com/event-details/2f8f3c69522db931,2019-07-13,UFC Fight Night, De Randamie,Ladd,Sacramento,California,USA
http://ufcstats.com/event-details/6c9383ffab2725a5,2019-07-06,UFC 239, Jones,Santos,Las Vegas,Nevada,USA
http://ufcstats.com/event-details/c0c1bc0766df4c00,2019-06-29,UFC Fight Night, Ngannou,Dos Santos,Minneapolis,Minnesota,USA
http://ufcstats.com/event-details/b16a7e6a627e9789,2019-06-22,UFC Fight Night, Moicano,The Korean Zombie,Greenville,South Carolina,USA
http://ufcstats.com/event-details/e31502e3f79d00c5,2019-06-08,UFC 238, Cejudo,Moraes,Chicago,Illinois,USA
http://ufcstats.com/event-details/cbc071cb20ea59c7,2019-06-01,UFC Fight Night, Gustafsson,Smith,Stockholm,Sweden,
http://ufcstats.com/event-details/6b8f28da9a483049,2019-05-18,UFC Fight Night, Dos Anjos,Lee,Rochester,New York,USA
http://ufcstats.com/event-details/9de7c97e1c0d7927,2019-05-11,UFC 237, Namajunas,Andrade,Rio de Janeiro,Rio de Janeiro,Brazil
http://ufcstats.com/event-details/351264d11286d09a,2019-05-04,UFC Fight Night, Iaquinta,Cowboy,Ottawa,Ontario,Canada
http://ufcstats.com/event-details/c912f676692c353a,2019-04-27,UFC Fight Night, Jacare,Hermansson,Sunrise,Florida,USA
http://ufcstats.com/event-details/7dcf06c1967801c1,2019-04-20,UFC Fight Night, Overeem,Oleinik,Saint Petersburg,Saint Petersburg,Russia
http://ufcstats.com/event-details/b0550072e5f0afa7,2019-04-13,UFC 236, Holloway,Poirier 2,Atlanta,Georgia,USA
http://ufcstats.com/event-details/9649d75defe0dedb,2019-03-30,UFC Fight Night, Barboza,Gaethje,Philadelphia,Pennsylvania,USA
http://ufcstats.com/event-details/487c170da059857d,2019-03-23,UFC Fight Night, Thompson,Pettis,Nashville,Tennessee,USA
http://ufcstats.com/event-details/80eacd4da0617c57,2019-03-16,UFC Fight Night, Till,Masvidal,London,England,United Kingdom
http://ufcstats.com/event-details/e96d8538d3f9d0ed,2019-03-09,UFC Fight Night, Lewis,Dos Santos,Wichita,Kansas,USA
http://ufcstats.com/event-details/2d5fbe2103f97053,2019-03-02,UFC 235, Jones,Smith,Las Vegas,Nevada,USA
http://ufcstats.com/event-details/6546af7ab545b90c,2019-02-23,UFC Fight Night, Blachowicz,Santos,Prague,Czech Republic,
http://ufcstats.com/event-details/a7a79b8efbceaaac,2019-02-17,UFC Fight Night, Ngannou,Velasquez,Phoenix,Arizona,USA
http://ufcstats.com/event-details/b5882371e2a3900d,2019-02-09,UFC 234, Adesanya,Silva,Melbourne,Victoria,Australia
http://ufcstats.com/event-details/84283233ec42be5f,2019-02-02,UFC Fight Night, Assuncao,Moraes 2,Fortaleza,Ceara,Brazil
http://ufcstats.com/event-details/d4da8995fc91e7ef,2019-01-19,UFC Fight Night, Cejudo,Dillashaw,Brooklyn,New York,USA
http://ufcstats.com/event-details/c046100aea0dba9a,2018-12-29,UFC 232, Jones,Gustafsson 2,Los Angeles,California,USA
http://ufcstats.com/event-details/7a703c565ccaa18f,2018-12-15,UFC Fight Night, Lee,Iaquinta,Milwaukee,Wisconsin,USA
http://ufcstats.com/event-details/2a74bbba57058f12,2018-12-08,UFC 231, Holloway,Ortega,Toronto,Ontario,Canada
http://ufcstats.com/event-details/d1d20e651e6cbc02,2018-12-01,UFC Fight Night, Dos Santos,Tuivasa,Adelaide,South Australia,Australia
http://ufcstats.com/event-details/c7ac79839e86ce33,2018-11-30,The Ultimate Fighter, Heavy Hitters Finale,,Las Vegas,Nevada,USA
http://ufcstats.com/event-details/de25520d54eab12d,2018-11-24,UFC Fight Night, Blaydes,Ngannou 2,Beijing,China,
http://ufcstats.com/event-details/aa3153a9941b4d44,2018-11-17,UFC Fight Night, Magny,Ponzinibbio,Buenos Aires,Buenos Aires,Argentina
http://ufcstats.com/event-details/42c96a9c4802e2e1,2018-11-10,UFC Fight Night, Korean Zombie,Rodriguez,Denver,Colorado,USA
http://ufcstats.com/event-details/20821819c401ced8,2018-11-03,UFC 230, Cormier,Lewis,New York City,New York,USA
http://ufcstats.com/event-details/33a331684283900f,2018-10-27,UFC Fight Night, Oezdemir,Smith,Moncton,New Brunswick,Canada
http://ufcstats.com/event-details/1ef0eae31904e534,2018-10-06,UFC 229, Khabib,McGregor,Las Vegas,Nevada,USA
http://ufcstats.com/event-details/852454c572675334,2018-09-22,UFC Fight Night, Marreta,Anders,Sao Paulo,Sao Paulo,Brazil
http://ufcstats.com/event-details/8d49545dadf9b919,2018-09-15,UFC Fight Night, Hunt,Oleinik,Moscow,Moscow,Russia
http://ufcstats.com/event-details/d5ae8074631762fc,2018-09-08,UFC 228, Woodley,Till,Dallas,Texas,USA
http://ufcstats.com/event-details/c0342805a1948cbb,2018-08-25,UFC Fight Night, Gaethje,Vick,Lincoln,Nebraska,USA
http://ufcstats.com/event-details/03b1e846b09f721d,2018-08-04,UFC 227, Dillashaw,Garbrandt 2,Los Angeles,California,USA
http://ufcstats.com/event-details/322a56923b396b4d,2018-07-28,UFC Fight Night, Alvarez,Poirier 2,Calgary,Alberta,Canada
http://ufcstats.com/event-details/4f732e58ed907eff,2018-07-22,UFC Fight Night, Shogun,Smith,Hamburg,Hamburg,Germany
http://ufcstats.com/event-details/b45d6b73f4ca4467,2018-07-14,UFC Fight Night, Dos Santos,Ivanov,Boise,Idaho,USA
http://ufcstats.com/event-details/35585d970300d45a,2018-07-07,UFC 226, Miocic,Cormier,Las Vegas,Nevada,USA
http://ufcstats.com/event-details/8215e4fe24e8e81b,2018-07-06,The Ultimate Fighter, Undefeated Finale,,Las Vegas,Nevada,USA
http://ufcstats.com/event-details/ac5f67109accb482,2018-06-23,UFC Fight Night, Cowboy,Edwards,Kallang,Singapore,
http://ufcstats.com/event-details/2eae41f61776c60f,2018-06-09,UFC 225, Whittaker,Romero 2,Chicago,Illinois,USA
http://ufcstats.com/event-details/d29b5c4f22c6357d,2018-06-01,UFC Fight Night, Rivera,Moraes,Utica,New York,USA
http://ufcstats.com/event-details/f5990c11974d8e9c,2018-05-27,UFC Fight Night, Thompson,Till,Liverpool,England,United Kingdom
http://ufcstats.com/event-details/3144121470023e9a,2018-05-19,UFC Fight Night, Maia,Usman,Santiago,Chile,
http://ufcstats.com/event-details/67ec58d7cf599835,2018-05-12,UFC 224, Nunes,Pennington,Rio de Janeiro,Rio de Janeiro,Brazil
http://ufcstats.com/event-details/ad99fa5325519169,2018-04-21,UFC Fight Night, Barboza,Lee,Atlantic City,New Jersey,USA
http://ufcstats.com/event-details/620be7e0712d431b,2018-04-14,UFC Fight Night, Poirier,Gaethje,Glendale,Arizona,USA
http://ufcstats.com/event-details/49e7e05f902479ca,2018-04-07,UFC 223, Khabib,Iaquinta,Brooklyn,New York,USA
http://ufcstats.com/event-details/eed2b71d77d95416,2018-03-17,UFC Fight Night, Werdum,Volkov,London,England,United Kingdom
http://ufcstats.com/event-details/7929be8290289a47,2018-03-03,UFC 222, Cyborg,Kunitskaya,Las Vegas,Nevada,USA
http://ufcstats.com/event-details/daa89f01e1c0f42a,2018-02-24,UFC Fight Night, Emmett,Stephens,Orlando,Florida,USA
http://ufcstats.com/event-details/d181689653115b6a,2018-02-18,UFC Fight Night, Cerrone,Medeiros,Austin,Texas,USA
http://ufcstats.com/event-details/15515e797aedc137,2018-02-10,UFC 221, Romero,Rockhold,Perth,Western Australia,Australia
http://ufcstats.com/event-details/7cf20446453f852b,2018-02-03,UFC Fight Night, Machida,Anders,Belem,Para,Brazil
http://ufcstats.com/event-details/602bb270f2bdbf02,2018-01-27,UFC Fight Night, Jacare,Brunson 2,Charlotte,North Carolina,USA
http://ufcstats.com/event-details/02177caefe7c07d4,2018-01-20,UFC 220, Miocic,Ngannou,Boston,Massachusetts,USA
http://ufcstats.com/event-details/fc1868f56d3036eb,2018-01-14,UFC Fight Night, Stephens,Choi,St. Louis,Missouri,USA
http://ufcstats.com/event-details/04076783ca83d6ae,2017-12-30,UFC 219, Cyborg,Holm,Las Vegas,Nevada,USA
http://ufcstats.com/event-details/eaa0a728cc91ef60,2017-12-16,UFC Fight Night, Lawler,Dos Anjos,Winnipeg,Manitoba,Canada
http://ufcstats.com/event-details/bcd124bcd3d5be46,2017-12-09,UFC Fight Night, Swanson,Ortega,Fresno,California,USA
http://ufcstats.com/event-details/9e30f69cc0869301,2017-12-02,UFC 218, Holloway,Aldo 2,Detroit,Michigan,USA
http://ufcstats.com/event-details/30e8b4505f5ccf92,2017-12-01,The Ultimate Fighter, A New World Champion Finale,,Las Vegas,Nevada,USA
http://ufcstats.com/event-details/e7bc606d269896aa,2017-11-25,UFC Fight Night, Bisping,Gastelum,Shanghai,Hebei,China
http://ufcstats.com/event-details/caced97768818230,2017-11-18,UFC Fight Night, Werdum,Tybura,Sydney,New South Wales,Australia
http://ufcstats.com/event-details/d856a0080ac09ed7,2017-11-11,UFC Fight Night, Poirier,Pettis,Norfolk,Virginia,USA
http://ufcstats.com/event-details/a25b71fe5e31fa97,2017-11-04,UFC 217, Bisping,St-Pierre,New York City,New York,USA
http://ufcstats.com/event-details/a7724f51e32e763e,2017-10-28,UFC Fight Night, Brunson,Machida,Sao Paulo,Sao Paulo,Brazil
http://ufcstats.com/event-details/d6b68eaf4b68b160,2017-10-21,UFC Fight Night, Cerrone,Till,Gdansk,Poland,
http://ufcstats.com/event-details/cc5834a495d1ea08,2017-10-07,UFC 216, Ferguson,Lee,Las Vegas,Nevada,USA
http://ufcstats.com/event-details/9211aae062b799d6,2017-09-22,UFC Fight Night, Saint Preux,Okami,Saitama,Saitama,Japan
http://ufcstats.com/event-details/1979c80150f630c4,2017-09-16,UFC Fight Night, Rockhold,Branch,Pittsburgh,Pennsylvania,USA
http://ufcstats.com/event-details/d86e913c548c07c2,2017-09-09,UFC 215, Nunes vs Shevchenko 2,,Edmonton,Alberta,Canada
http://ufcstats.com/event-details/a3244e3238541482,2017-09-02,UFC Fight Night, Volkov,Struve,Rotterdam,Zuid-Holland,Netherlands
http://ufcstats.com/event-details/f4a031ac205ac580,2017-08-05,UFC Fight Night, Pettis,Moreno,Mexico City,Distrito Federal,Mexico
http://ufcstats.com/event-details/ff9578cdbfabd323,2017-07-29,UFC 214, Cormier,Jones 2,Anaheim,California,USA
http://ufcstats.com/event-details/9f3d6ddef3d3cccc,2017-07-22,UFC Fight Night, Weidman,Gastelum,Uniondale,New York,USA
http://ufcstats.com/event-details/d7907a9a968e4d29,2017-07-16,UFC Fight Night, Nelson,Ponzinibbio,Glasgow,Scotland,United Kingdom
http://ufcstats.com/event-details/686cccbf1a4de453,2017-07-08,UFC 213, Romero,Whittaker,Las Vegas,Nevada,USA
http://ufcstats.com/event-details/23bd78c3f89bdb54,2017-07-07,The Ultimate Fighter, Redemption Finale,,Las Vegas,Nevada,USA
http://ufcstats.com/event-details/99bf06f20491cb54,2017-06-25,UFC Fight Night, Chiesa,Lee,Oklahoma City,Oklahoma,USA
http://ufcstats.com/event-details/353de740bb6c7e75,2017-06-17,UFC Fight Night, Holm,Correia,Kallang,Singapore,
http://ufcstats.com/event-details/90e7447d8b7f3f35,2017-06-10,UFC Fight Night, Lewis,Hunt,Auckland,New Zealand,
http://ufcstats.com/event-details/1507214bbc7a79e2,2017-06-03,UFC 212, Aldo,Holloway,Rio de Janeiro,Rio de Janeiro,Brazil
http://ufcstats.com/event-details/1c7cce2f5c17160d,2017-05-28,UFC Fight Night, Gustafsson,Teixeira,Stockholm,Sweden,
http://ufcstats.com/event-details/5df10509264586e5,2017-05-13,UFC 211, Miocic,Dos Santos,Dallas,Texas,USA
http://ufcstats.com/event-details/bc7f7f0ba3db74d2,2017-04-22,UFC Fight Night, Swanson,Lobov,Nashville,Tennessee,USA
http://ufcstats.com/event-details/ed069a95aaaf4f56,2017-04-15,UFC on FOX, Johnson,Reis,Kansas City,Missouri,USA
http://ufcstats.com/event-details/e7bfdb5e0112891e,2017-04-08,UFC 210, Cormier,Johnson 2,Buffalo,New York,USA
http://ufcstats.com/event-details/c0231720fe516994,2017-03-18,UFC Fight Night, Manuwa,Anderson,London,England,United Kingdom
http://ufcstats.com/event-details/47b7e4e60813b7b2,2017-03-11,UFC Fight Night, Belfort,Gastelum,Fortaleza,Ceara,Brazil
http://ufcstats.com/event-details/20e403a1acfef130,2017-03-04,UFC 209, Woodley,Thompson 2,Las Vegas,Nevada,USA
http://ufcstats.com/event-details/b4ad3a06ee4d660c,2017-02-19,UFC Fight Night, Lewis,Browne,Halifax,Nova Scotia,Canada
http://ufcstats.com/event-details/865aa315ea62c511,2017-02-11,UFC 208, Holm,De Randamie,Brooklyn,New York,USA
http://ufcstats.com/event-details/6a8a06b542e1516d,2017-02-04,UFC Fight Night, Bermudez,The Korean Zombie,Houston,Texas,USA
http://ufcstats.com/event-details/4512e46543b960ad,2017-01-28,UFC on FOX, Shevchenko,Pena,Denver,Colorado,USA
http://ufcstats.com/event-details/46effbd1135423c5,2017-01-15,UFC Fight Night, Rodriguez,Penn,Phoenix,Arizona,USA
http://ufcstats.com/event-details/4b2390cfaceb91d8,2016-12-30,UFC 207, Nunes,Rousey,Las Vegas,Nevada,USA
http://ufcstats.com/event-details/32541eb5d12668b4,2016-12-17,UFC on FOX, VanZant,Waterson,Sacramento,California,USA
http://ufcstats.com/event-details/6e3282d57d2467a0,2016-12-10,UFC 206, Holloway,Pettis,Toronto,Ontario,Canada
http://ufcstats.com/event-details/7139cd2ae4bf6a29,2016-12-09,UFC Fight Night, Lewis,Abdurakhimov,Albany,New York,USA
http://ufcstats.com/event-details/bd4389b71fdc0ce2,2016-12-03,The Ultimate Fighter, Tournament of Champions Finale,,Las Vegas,Nevada,USA
http://ufcstats.com/event-details/73e09f837f3b5ecc,2016-11-26,UFC Fight Night, Whittaker,Brunson,Melbourne,Victoria,Australia
http://ufcstats.com/event-details/5cde96e0a1a1fffe,2016-11-19,UFC Fight Night, Bader,Nogueira,Sao Paulo,Sao Paulo,Brazil
http://ufcstats.com/event-details/6810d8d2dd557cf9,2016-11-19,UFC Fight Night, Mousasi,Hall 2,Belfast,Northern Ireland,United Kingdom
http://ufcstats.com/event-details/4956f60b7fa57c1a,2016-11-12,UFC 205, Alvarez vs McGregor,,New York City,New York,USA
http://ufcstats.com/event-details/6083f497c22cc075,2016-11-05,UFC Fight Night, Dos Anjos,Ferguson,Mexico City,Distrito Federal,Mexico
http://ufcstats.com/event-details/154a6b3ffae264cd,2016-10-08,UFC 204, Bisping,Henderson,Manchester,England,United Kingdom
http://ufcstats.com/event-details/a196332ee4aa8a82,2016-10-01,UFC Fight Night, Lineker,Dodson,Portland,Oregon,USA
http://ufcstats.com/event-details/e18012194473e8b0,2016-09-24,UFC Fight Night, Cyborg,Lansberg,Brasilia,Distrito Federal,Brazil
http://ufcstats.com/event-details/d6455cb4bee503ce,2016-09-17,UFC Fight Night, Poirier,Johnson,Hidalgo,Texas,USA
http://ufcstats.com/event-details/2dc7f1762dc0a7ef,2016-09-10,UFC 203, Miocic,Overeem,Cleveland,Ohio,USA
http://ufcstats.com/event-details/2b4faacc16d66898,2016-09-03,UFC Fight Night, Arlovski,Barnett,Hamburg,Hamburg,Germany
http://ufcstats.com/event-details/cfbccfed4e4796fe,2016-08-27,UFC on FOX, Maia,Condit,Vancouver,British Columbia,Canada
http://ufcstats.com/event-details/5da4e8dc02e50ac0,2016-08-20,UFC 202, Diaz,McGregor 2,Las Vegas,Nevada,USA
http://ufcstats.com/event-details/232c582f29f8f65e,2016-08-06,UFC Fight Night, Rodriguez,Caceres,Salt Lake City,Utah,USA
http://ufcstats.com/event-details/72cbe507644a587c,2016-07-30,UFC 201, Lawler,Woodley,Atlanta,Georgia,USA
http://ufcstats.com/event-details/8a028648f3f0761d,2016-07-23,UFC on FOX, Holm,Shevchenko,Chicago,Illinois,USA
http://ufcstats.com/event-details/5e7a28f20927d64a,2016-07-13,UFC Fight Night, McDonald,Lineker,Sioux Falls,South Dakota,USA
http://ufcstats.com/event-details/aa5b4eff51bdc7d1,2016-07-09,UFC 200, Tate vs Nunes,,Las Vegas,Nevada,USA
http://ufcstats.com/event-details/cd42bbe8887bba90,2016-07-08,The Ultimate Fighter, Team Joanna,Team Cláudia Finale,Las Vegas,Nevada,USA
http://ufcstats.com/event-details/45a2ba3ef82b9700,2016-07-07,UFC Fight Night, Dos Anjos,Alvarez,Las Vegas,Nevada,USA
http://ufcstats.com/event-details/563d051c9e769b24,2016-06-18,UFC Fight Night, MacDonald vs Thompson,,Ottawa,Ontario,Canada
http://ufcstats.com/event-details/ff4c3ab594c7fac3,2016-06-04,UFC 199, Rockhold,Bisping 2,Los Angeles,California,USA
http://ufcstats.com/event-details/990060b2a68a7b82,2016-05-29,UFC Fight Night, Almeida vs Garbrandt,,Las Vegas,Nevada,USA
http://ufcstats.com/event-details/a4bf17bd3ba3423b,2016-05-14,UFC 198, Werdum vs Miocic,,Curitiba,Parana,Brazil
http://ufcstats.com/event-details/a314687f372b2cec,2016-05-08,UFC Fight Night, Overeem vs Arlovski,,Rotterdam,Zuid-Holland,Netherlands
http://ufcstats.com/event-details/3d481aa374c954a1,2016-04-23,UFC 197, Jones vs Saint Preux,,Las Vegas,Nevada,USA
http://ufcstats.com/event-details/e7e970d508529bf3,2016-04-16,UFC on FOX, Teixeira vs Evans,,Tampa,Florida,USA
http://ufcstats.com/event-details/4887e5bc4dbb73ff,2016-04-10,UFC Fight Night, Rothwell vs Dos Santos,,Zagreb,Croatia,
http://ufcstats.com/event-details/e60201cfab7d656d,2016-03-19,UFC Fight Night, Hunt vs Mir,,Brisbane,Queensland,Australia
http://ufcstats.com/event-details/db1f2ed63b54b9a7,2016-03-05,UFC 196, McGregor vs Diaz,,Las Vegas,Nevada,USA
http://ufcstats.com/event-details/39c568f8c579913e,2016-02-27,UFC Fight Night, Silva vs Bisping,,London,England,United Kingdom
http://ufcstats.com/event-details/d56bb6dff2ae77eb,2016-02-21,UFC Fight Night, Cowboy vs Cowboy,,Pittsburgh,Pennsylvania,USA
http://ufcstats.com/event-details/de99da2c0d18d34a,2016-02-06,UFC Fight Night, Hendricks vs Thompson,,Las Vegas,Nevada,USA
http://ufcstats.com/event-details/b3fb8d2293e17a59,2016-01-30,UFC on FOX, Johnson,Bader,Newark,New Jersey,USA
http://ufcstats.com/event-details/c6becb722706c7d8,2016-01-17,UFC Fight Night, Dillashaw vs Cruz,,Boston,Massachusetts,USA
http://ufcstats.com/event-details/380e8b023290d091,2016-01-02,UFC 195, Lawler vs Condit,,Las Vegas,Nevada,USA
http://ufcstats.com/event-details/80d918336163b80c,2015-12-19,UFC on FOX, Dos Anjos,Cowboy 2,Orlando,Florida,USA
http://ufcstats.com/event-details/354808cf38d9d73c,2015-12-12,UFC 194, Aldo vs McGregor,,Las Vegas,Nevada,USA
http://ufcstats.com/event-details/20fbff570c678e1c,2015-12-11,The Ultimate Fighter, Team McGregor,Team Faber Finale,Las Vegas,Nevada,USA
http://ufcstats.com/event-details/dd39f1ca787a3d9d,2015-12-10,UFC Fight Night, Namajunas,VanZant,Las Vegas,Nevada,USA
http://ufcstats.com/event-details/4d636c3aa1105950,2015-11-28,UFC Fight Night, Henderson vs Masvidal,,Seoul,South Korea,
http://ufcstats.com/event-details/243b07fc65ccbb16,2015-11-21,UFC Fight Night, Magny vs Gastelum,,Monterrey,Nuevo Leon,Mexico
http://ufcstats.com/event-details/8d04923f2db59b7f,2015-11-14,UFC 193, Rousey vs Holm,,Melbourne,Victoria,Australia
http://ufcstats.com/event-details/5345f86680378fc1,2015-11-07,UFC Fight Night, Belfort vs Henderson 3,,Sao Paulo,Sao Paulo,Brazil
http://ufcstats.com/event-details/f3155a94ca420126,2015-10-24,UFC Fight Night, Holohan vs Smolka,,Dublin,Leinster,Ireland
http://ufcstats.com/event-details/119ebea97e914dcf,2015-10-03,UFC 192, Cormier vs Gustafsson,,Houston,Texas,USA
http://ufcstats.com/event-details/a4dd5c9a75763295,2015-09-26,UFC Fight Night, Barnett vs Nelson,,Saitama,Japan,
http://ufcstats.com/event-details/82f5c81f4e3c3eb5,2015-09-05,UFC 191, Johnson vs Dodson 2,,Las Vegas,Nevada,USA
http://ufcstats.com/event-details/2ce6541127b0e232,2015-08-23,UFC Fight Night, Holloway vs Oliveira,,Saskatoon,Saskatchewan,Canada
http://ufcstats.com/event-details/b71667c778b6d9e5,2015-08-08,UFC Fight Night, Teixeira vs Saint Preux,,Nashville,Tennessee,USA
http://ufcstats.com/event-details/a9c45a8b21eabadc,2015-08-01,UFC 190, Rousey vs Correia,,Rio de Janeiro,Rio de Janeiro,Brazil
http://ufcstats.com/event-details/0c3838c8f7c620c2,2015-07-25,UFC on FOX, Dillashaw,Barao II,Chicago,Illinois,USA
http://ufcstats.com/event-details/ef7fa30364cbe7f2,2015-07-18,UFC Fight Night, Bisping vs Leites,,Glasgow,Scotland,United Kingdom
http://ufcstats.com/event-details/36877f0e62b25b96,2015-07-15,UFC Fight Night, Mir vs Duffee,,San Diego,California,USA
http://ufcstats.com/event-details/a890f9a791ed615d,2015-07-12,The Ultimate Fighter, American Top Team,Blackzilians Finale,Las Vegas,Nevada,USA
http://ufcstats.com/event-details/3be081c29bf734d9,2015-07-11,UFC 189, Mendes vs McGregor,,Las Vegas,Nevada,USA
http://ufcstats.com/event-details/86e388ed20761ad9,2015-06-27,UFC Fight Night, Machida vs Romero,,Hollywood,Florida,USA
http://ufcstats.com/event-details/194fc025f9355db6,2015-06-20,UFC Fight Night, Jedrzejczyk vs Penne,,Berlin,Berlin,Germany
http://ufcstats.com/event-details/a58114c6dd0add64,2015-06-13,UFC 188, Velasquez vs Werdum,,Mexico City,Distrito Federal,Mexico
http://ufcstats.com/event-details/06dc1a58663579d2,2015-06-06,UFC Fight Night, Boetsch vs Henderson,,New Orleans,Louisiana,USA
http://ufcstats.com/event-details/aae0897825336b1a,2015-05-30,UFC Fight Night, Condit vs Alves,,Goiania,Goias,Brazil
http://ufcstats.com/event-details/4f7e290e71d60f87,2015-05-23,UFC 187, Johnson vs Cormier,,Las Vegas,Nevada,USA
http://ufcstats.com/event-details/b1605ea39fba6af6,2015-05-16,UFC Fight Night, Edgar vs Faber,,Manila,Philippines,
http://ufcstats.com/event-details/8a1b4330c7957961,2015-05-09,UFC Fight Night, Miocic vs Hunt,,Adelaide,South Australia,Australia
http://ufcstats.com/event-details/997b4f52f76a0b53,2015-04-25,UFC 186, Johnson vs Horiguchi,,Montreal,Quebec,Canada
http://ufcstats.com/event-details/bc7cf284c1c2f16e,2015-04-18,UFC on FOX, Machida vs Rockhold,,Newark,New Jersey,USA
http://ufcstats.com/event-details/5de61b03868035ff,2015-04-11,UFC Fight Night, Gonzaga vs Cro Cop 2,,Krakow,Poland,
http://ufcstats.com/event-details/16d09e800ad7ec79,2015-04-04,UFC Fight Night, Mendes vs Lamas,,Fairfax,Virginia,USA
http://ufcstats.com/event-details/fa534853eb195270,2015-03-21,UFC Fight Night, Maia vs LaFlare,,Rio de Janeiro,Brazil,
http://ufcstats.com/event-details/f54200f1dfb9b5d4,2015-03-14,UFC 185, Pettis vs Dos Anjos,,Dallas,Texas,USA
http://ufcstats.com/event-details/ad4e9055bf8cd04d,2015-02-28,UFC 184, Rousey vs Zingano,,Los Angeles,California,USA
http://ufcstats.com/event-details/0577808d22dfe79c,2015-02-22,UFC Fight Night, Bigfoot vs Mir,,Porto Alegre,Rio Grande do Sul,Brazil
http://ufcstats.com/event-details/f9c7fe2682af3802,2015-02-14,UFC Fight Night, Henderson vs Thatch,,Broomfield,Colorado,USA
http://ufcstats.com/event-details/43563a32c3f10e95,2015-01-31,UFC 183, Silva vs Diaz,,Las Vegas,Nevada,USA
http://ufcstats.com/event-details/706404da0775dcbc,2015-01-24,UFC on FOX, Gustafsson vs Johnson,,Stockholm,Sweden,
http://ufcstats.com/event-details/f9aa6376ae16bfb4,2015-01-18,UFC Fight Night, McGregor vs Siver,,Boston,Massachusetts,USA
http://ufcstats.com/event-details/a72d260b436924c4,2015-01-03,UFC 182, Jones vs Cormier,,Las Vegas,Nevada,USA
http://ufcstats.com/event-details/4e5bbc4566049cbf,2014-12-20,UFC Fight Night, Machida vs Dollaway,,Barueri,Sao Paulo,Brazil
http://ufcstats.com/event-details/d4a12dfa4067742f,2014-12-13,UFC on FOX, Dos Santos vs Miocic,,Phoenix,Arizona,USA
http://ufcstats.com/event-details/222d6b547de2e035,2014-12-12,The Ultimate Fighter, A Champion Will Be Crowned Finale,,Las Vegas,Nevada,USA
http://ufcstats.com/event-details/dfdd0c5dd0d4bc23,2014-12-06,UFC 181, Hendricks vs Lawler II,,Las Vegas,Nevada,USA
http://ufcstats.com/event-details/155a02a8b4311057,2014-11-22,UFC Fight Night, Edgar vs Swanson,,Austin,Texas,USA
http://ufcstats.com/event-details/59851163aaf1aed8,2014-11-15,UFC 180, Werdum vs Hunt,,Mexico City,Distrito Federal,Mexico
http://ufcstats.com/event-details/6ca68b636fbc1f18,2014-11-08,UFC Fight Night 56, Shogun vs Saint Preux,,Uberlandia,Minas Gerais,Brazil
http://ufcstats.com/event-details/371a1c91b24dec2b,2014-11-07,UFC Fight Night, Rockhold vs Bisping,,Sydney,New South Wales,Australia
http://ufcstats.com/event-details/53f02bbc41d99432,2014-10-25,UFC 179, Aldo vs Mendes 2,,Rio de Janeiro,Brazil,
http://ufcstats.com/event-details/0313bf497de9c470,2014-10-04,UFC Fight Night, MacDonald vs Saffiedine,,Halifax,Nova Scotia,Canada
http://ufcstats.com/event-details/8dc4f34c1f50d00d,2014-10-04,UFC Fight Night, Nelson vs Story,,Stockholm,Sweden,
http://ufcstats.com/event-details/3bb030257966b022,2014-09-27,UFC 178, Johnson vs Cariaso,,Las Vegas,Nevada,USA
http://ufcstats.com/event-details/2dea80c069847321,2014-09-20,UFC Fight Night, Hunt vs Nelson,,Saitama,Japan,
http://ufcstats.com/event-details/a71feb7ea7592a71,2014-09-13,UFC Fight Night, Bigfoot vs Arlovski,,Brasilia,Distrito Federal,Brazil
http://ufcstats.com/event-details/9bcfb40dbcd50568,2014-09-05,UFC Fight Night, Jacare vs Mousasi,,Ledyard,Connecticut,USA
http://ufcstats.com/event-details/269d103c96a4c3a5,2014-08-30,UFC 177, Dillashaw vs Soto,,Sacramento,California,USA
http://ufcstats.com/event-details/063649e21bc9d6d5,2014-08-23,UFC Fight Night, Henderson vs Dos Anjos,,Tulsa,Oklahoma,USA
http://ufcstats.com/event-details/770b9d4813c25902,2014-08-23,UFC Fight Night, Bisping vs Le,,Macau,China,
http://ufcstats.com/event-details/fd7acf42bd6e7e95,2014-08-16,UFC Fight Night, Bader vs Saint Preux,,Bangor,Maine,USA
http://ufcstats.com/event-details/05fbfe628658c538,2014-07-26,UFC on FOX, Lawler vs Brown,,San Jose,California,USA
http://ufcstats.com/event-details/073eee4e62f0d988,2014-07-19,UFC Fight Night, McGregor vs Brandao,,Dublin,Leinster,Ireland
http://ufcstats.com/event-details/79ded75550efc139,2014-07-16,UFC Fight Night, Cowboy vs Miller,,Atlantic City,New Jersey,USA
http://ufcstats.com/event-details/1c5879330d42255f,2014-07-06,The Ultimate Fighter, Team Edgar,Team Penn Finale,Las Vegas,Nevada,USA
http://ufcstats.com/event-details/53adf5b845d91e4a,2014-07-05,UFC 175, Weidman vs Machida,,Las Vegas,Nevada,USA
http://ufcstats.com/event-details/c0ed7b208197e8de,2014-06-28,UFC Fight Night, Swanson vs Stephens,,San Antonio,Texas,USA
http://ufcstats.com/event-details/ac9521250dc1a14c,2014-06-28,UFC Fight Night, Te Huna vs Marquardt,,Auckland,New Zealand,
http://ufcstats.com/event-details/5b5307450405abf0,2014-06-14,UFC 174, Johnson vs Bagautinov,,Vancouver,British Columbia,Canada
http://ufcstats.com/event-details/1fcfc3709fe58151,2014-06-07,UFC Fight Night, Henderson vs Khabilov,,Albuquerque,New Mexico,USA
http://ufcstats.com/event-details/59aaf2730b84698a,2014-05-31,UFC Fight Night, Miocic vs Maldonado,,Sao Paulo,Brazil,
http://ufcstats.com/event-details/b757c73f443d4fca,2014-05-31,UFC Fight Night, Munoz vs Mousasi,,Berlin,Germany,
http://ufcstats.com/event-details/9ca265dfe8323db3,2014-05-24,UFC 173, Barao vs Dillashaw,,Las Vegas,Nevada,USA
http://ufcstats.com/event-details/579fcdfcabd23a7b,2014-05-10,UFC Fight Night, Brown vs Silva,,Cincinnati,Ohio,USA
http://ufcstats.com/event-details/4f2fcbefb668689d,2014-04-26,UFC 172, Jones vs Teixeira,,Baltimore,Maryland,USA
http://ufcstats.com/event-details/a421465acbe59c77,2014-04-19,UFC on FOX, Werdum vs Browne,,Orlando,Florida,USA
http://ufcstats.com/event-details/f9f07bb5a43535ed,2014-04-16,UFC Fight Night, Bisping vs Kennedy,,Quebec City,Quebec,Canada
http://ufcstats.com/event-details/d632d156c0549e07,2014-04-11,UFC Fight Night, Minotauro vs Nelson,,Abu Dhabi,United Arab Emirates,
http://ufcstats.com/event-details/d5f820c11a121050,2014-03-23,UFC Fight Night, Shogun vs Henderson 2,,Natal,Rio Grande do Norte,Brazil
http://ufcstats.com/event-details/179f1948dc234f1f,2014-03-15,UFC 171, Hendricks vs Lawler,,Dallas,Texas,USA
http://ufcstats.com/event-details/ebc1f40e00e0c481,2014-03-08,UFC Fight Night, Gustafsson vs Manuwa,,London,England,United Kingdom
http://ufcstats.com/event-details/a26198ba5093147e,2014-03-01,UFC Fight Night, Kim vs Hathaway,,Macau,China,
http://ufcstats.com/event-details/3138fab619faf4d1,2014-02-22,UFC 170, Rousey vs McMann,,Las Vegas,Nevada,USA
http://ufcstats.com/event-details/51b0bb73a1da34bc,2014-02-15,UFC Fight Night, Machida vs Mousasi,,Jaragua do Sul,Santa Catarina,Brazil
http://ufcstats.com/event-details/fc31f896cde2bc2e,2014-02-01,UFC 169, Barao vs Faber 2,,Newark,New Jersey,USA
http://ufcstats.com/event-details/a8d521d913df4e31,2014-01-25,UFC on FOX, Henderson vs Thomson,,Chicago,Illinois,USA
http://ufcstats.com/event-details/30a09e43f15f1d75,2014-01-15,UFC Fight Night, Rockhold vs Philippou,,Duluth,Georgia,USA
http://ufcstats.com/event-details/e5c9de15bb58b1c6,2014-01-04,UFC Fight Night, Saffiedine vs Lim,,Singapore,Singapore,
http://ufcstats.com/event-details/83d0de122f2f9664,2013-12-28,UFC 168, Weidman vs Silva 2,,Las Vegas,Nevada,USA
http://ufcstats.com/event-details/480b702debcb5433,2013-12-14,UFC on FOX, Johnson,Benavidez 2,Sacramento,California,USA
http://ufcstats.com/event-details/ee457ef1e1c326c1,2013-12-06,UFC Fight Night, Hunt vs Bigfoot,,Brisbane,Queensland,Australia
http://ufcstats.com/event-details/9a967e8e43dcef63,2013-11-30,The Ultimate Fighter, Team Rousey,Team Tate Finale,Las Vegas,Nevada,USA
http://ufcstats.com/event-details/28f3c2258a1d8874,2013-11-16,UFC 167, St-Pierre vs Hendricks,,Las Vegas,Nevada,USA
http://ufcstats.com/event-details/5d7c18191b8aa432,2013-11-09,UFC Fight Night, Belfort vs Henderson 2,,Goiania,Goias,Brazil
http://ufcstats.com/event-details/35dc6220b113b7ec,2013-11-06,UFC Fight Night, Fight for the Troops 3,,Fort Campbell,Kentucky,USA
http://ufcstats.com/event-details/60884f31ead1609c,2013-10-26,UFC Fight Night, Machida vs Munoz,,Manchester,England,United Kingdom
http://ufcstats.com/event-details/eae4aec1a5a8ff01,2013-10-19,UFC 166, Velasquez vs Dos Santos 3,,Houston,Texas,USA
http://ufcstats.com/event-details/43612456979e5d5e,2013-10-09,UFC Fight Night, Maia vs Shields,,Barueri,Sao Paulo,Brazil
http://ufcstats.com/event-details/df5a77121ba84a5d,2013-09-21,UFC 165, Jones vs Gustafsson,,Toronto,Ontario,Canada
http://ufcstats.com/event-details/b23fca14c7b79935,2013-09-04,UFC Fight Night, Teixeira vs Bader,,Belo Horizonte,Minas Gerais,Brazil
http://ufcstats.com/event-details/980b4e712489098e,2013-08-31,UFC 164, Henderson vs Pettis 2,,Milwaukee,Wisconsin,USA
http://ufcstats.com/event-details/e5c38954c006f15c,2013-08-28,UFC Fight Night, Condit vs Kampmann 2,,Indianapolis,Indiana,USA
http://ufcstats.com/event-details/cf1a88371c8cb690,2013-08-17,UFC Fight Night, Shogun vs Sonnen,,Boston,Massachusetts,USA
http://ufcstats.com/event-details/ebc5af72ad5a28cb,2013-08-03,UFC 163, Aldo vs Jung,,Rio de Janeiro,Brazil,
http://ufcstats.com/event-details/5330fe7e4c3af81c,2013-07-27,UFC on FOX, Johnson vs Moraga,,Seattle,Washington,USA
http://ufcstats.com/event-details/e0b74df14f52cd15,2013-07-06,UFC 162, Silva vs Weidman,,Las Vegas,Nevada,USA
http://ufcstats.com/event-details/8fd1f27e86661ede,2013-06-15,UFC 161, Evans vs Henderson,,Winnipeg,Manitoba,Canada
http://ufcstats.com/event-details/7865707fd684d77b,2013-06-08,UFC on FUEL TV, Nogueira,Werdum,Fortaleza,Ceara,Brazil
http://ufcstats.com/event-details/3c241737a6069b9f,2013-05-25,UFC 160, Velasquez vs Silva 2,,Las Vegas,Nevada,USA
http://ufcstats.com/event-details/030f08370fd1c2bb,2013-05-18,UFC on FX, Belfort,Rockhold,Jaragua do Sul,Santa Catarina,Brazil
http://ufcstats.com/event-details/ea0ad155451ed1f5,2013-04-27,UFC 159, Jones vs Sonnen,,Newark,New Jersey,USA
http://ufcstats.com/event-details/aa79d5399571068e,2013-04-20,UFC on FOX, Henderson vs Melendez,,San Jose,California,USA
http://ufcstats.com/event-details/ce47f49e5c386a9c,2013-04-13,The Ultimate Fighter, Team Jones,Team Sonnen Finale,Las Vegas,Nevada,USA
http://ufcstats.com/event-details/6291ac0a3726732f,2013-04-06,UFC on FUEL TV, Mousasi vs Latifi,,Stockholm,Sweden,
http://ufcstats.com/event-details/f1b2a4365799c48b,2013-03-16,UFC 158, St-Pierre vs Diaz,,Montreal,Quebec,Canada
http://ufcstats.com/event-details/83c6c3e0f8bde8ee,2013-03-02,UFC on FUEL TV, Silva,Stann,Saitama,Japan,
http://ufcstats.com/event-details/09c44b317c98bf96,2013-02-23,UFC 157, Rousey vs Carmouche,,Anaheim,California,USA
http://ufcstats.com/event-details/4679a38cced7c64a,2013-02-16,UFC on FUEL TV, Barao vs McDonald,,London,England,United Kingdom
http://ufcstats.com/event-details/601cf40c09090853,2013-02-02,UFC 156, Aldo vs Edgar,,Las Vegas,Nevada,USA
http://ufcstats.com/event-details/738acab0c6934dd8,2013-01-26,UFC on FOX, Johnson vs Dodson,,Chicago,Illinois,USA
http://ufcstats.com/event-details/56f4b81ec4db61af,2013-01-19,UFC on FX, Belfort vs Bisping,,Sao Paulo,Brazil,
http://ufcstats.com/event-details/c6e6926a81adcd00,2012-12-29,UFC 155, Dos Santos vs Velasquez II,,Las Vegas,Nevada,USA
http://ufcstats.com/event-details/c6da1c24fe473418,2012-12-15,The Ultimate Fighter, Team Carwin,Team Nelson Finale,Las Vegas,Nevada,USA
http://ufcstats.com/event-details/e8c170a64dc920ac,2012-12-14,UFC on FX, Sotiropoulos vs Pearson,,Gold Coast,Queensland,Australia
http://ufcstats.com/event-details/d1e6a6536ee62517,2012-12-08,UFC on FOX, Henderson vs Diaz,,Seattle,Washington,USA
http://ufcstats.com/event-details/d41937647eae9a34,2012-11-17,UFC 154, St-Pierre vs Condit,,Montreal,Quebec,Canada
http://ufcstats.com/event-details/319fa1bd3176bded,2012-11-10,UFC Macao, Franklin vs Le,,Macau,China,
http://ufcstats.com/event-details/96d173b7f92aa520,2012-10-13,UFC 153, Silva vs Bonnar,,Rio de Janeiro,Brazil,
http://ufcstats.com/event-details/6a0b80a24f22e152,2012-10-05,UFC on FX, Browne vs Bigfoot,,Minneapolis,Minnesota,USA
http://ufcstats.com/event-details/6cbb7661c3258617,2012-09-29,UFC on FUEL TV, Struve vs Miocic,,Nottingham,England,United Kingdom
http://ufcstats.com/event-details/53e533db1b8e9712,2012-09-22,UFC 152, Jones vs Belfort,,Toronto,Ontario,Canada
http://ufcstats.com/event-details/3c48019bc387b80c,2012-08-11,UFC 150, Henderson vs Edgar II,,Denver,Colorado,USA
http://ufcstats.com/event-details/f62850b3c7480db9,2012-08-04,UFC on FOX, Shogun vs Vera,,Los Angeles,California,USA
http://ufcstats.com/event-details/abbc4fc02e0d84b3,2012-07-21,UFC 149, Faber vs Barao,,Calgary,Alberta,Canada
http://ufcstats.com/event-details/d3b5ad3b15a64a18,2012-07-11,UFC on FUEL TV, Munoz vs Weidman,,San Jose,California,USA
http://ufcstats.com/event-details/e8efeb9cf33b1941,2012-07-07,UFC 148, Silva vs Sonnen 2,,Las Vegas,Nevada,USA
http://ufcstats.com/event-details/3da19339ee7051d5,2012-06-23,UFC 147, Silva vs Franklin 2,,Belo Horizonte,Minas Gerais,Brazil
http://ufcstats.com/event-details/505934897b8b4824,2012-06-22,UFC on FX, Maynard vs Guida,,Atlantic City,New Jersey,USA
http://ufcstats.com/event-details/49590e0508b2c19f,2012-06-08,UFC on FX, Johnson vs McCall,,Sunrise,Florida,USA
http://ufcstats.com/event-details/96087e90d900f0ef,2012-06-01,The Ultimate Fighter, Live Finale,,Las Vegas,Nevada,USA
http://ufcstats.com/event-details/4985113c0928aa62,2012-05-26,UFC 146, Dos Santos vs Mir,,Las Vegas,Nevada,USA
http://ufcstats.com/event-details/8caca5857ce0e30b,2012-05-15,UFC on FUEL TV, Korean Zombie vs Poirier,,Fairfax,Virginia,USA
http://ufcstats.com/event-details/5898357a45a73674,2012-05-05,UFC on FOX, Diaz vs Miller,,East Rutherford,New Jersey,USA
http://ufcstats.com/event-details/155bfc7ed36622df,2012-04-21,UFC 145, Jones vs Evans,,Atlanta,Georgia,USA
http://ufcstats.com/event-details/21f2974fd08085e3,2012-04-14,UFC on FUEL TV, Gustafsson vs Silva,,Stockholm,Sweden,
http://ufcstats.com/event-details/b5ea750025697880,2012-03-02,UFC on FX, Alves vs Kampmann,,Sydney,New South Wales,Australia
http://ufcstats.com/event-details/8377c5572cb356f3,2012-02-25,UFC 144, Edgar vs Henderson,,Saitama,Japan,
http://ufcstats.com/event-details/0a97691039c4bbfb,2012-02-15,UFC on FUEL TV, Sanchez vs Ellenberger,,Omaha,Nebraska,USA
http://ufcstats.com/event-details/df2cf66d8c0123db,2012-02-04,UFC 143, Diaz vs Condit,,Las Vegas,Nevada,USA
http://ufcstats.com/event-details/c3c23c99477c041b,2012-01-28,UFC on FOX, Evans vs Davis,,Chicago,Illinois,USA
http://ufcstats.com/event-details/4d74641fac830182,2012-01-20,UFC on FX, Guillard vs Miller,,Nashville,Tennessee,USA
http://ufcstats.com/event-details/18524b46c570730b,2012-01-14,UFC 142, Aldo vs Mendes,,Rio de Janeiro,Brazil,
http://ufcstats.com/event-details/91720876db0ee468,2011-12-30,UFC 141, Lesnar vs Overeem,,Las Vegas,Nevada,USA
http://ufcstats.com/event-details/6d7886b094b471ac,2011-12-10,UFC 140, Jones vs Machida,,Toronto,Ontario,Canada
http://ufcstats.com/event-details/1f5f75658551f2d3,2011-12-03,The Ultimate Fighter, Team Bisping vs Team Miller Finale,,Las Vegas,Nevada,USA
http://ufcstats.com/event-details/0ec821423baa26bd,2011-11-19,UFC 139, Shogun vs Henderson,,San Jose,California,USA
http://ufcstats.com/event-details/1c061eb6e29eaa0a,2011-11-12,UFC on FOX, Velasquez vs Dos Santos,,Anaheim,California,USA
http://ufcstats.com/event-details/e780ccc79a209985,2011-11-05,UFC 138, Leben vs Munoz,,Birmingham,England,United Kingdom
http://ufcstats.com/event-details/8788beb528894f33,2011-10-29,UFC 137, Penn vs Diaz,,Las Vegas,Nevada,USA
http://ufcstats.com/event-details/7d5b12de1625984e,2011-10-08,UFC 136, Edgar vs Maynard 3,,Houston,Texas,USA
http://ufcstats.com/event-details/44f9c777fed7ca03,2011-10-01,UFC Live, Cruz vs Johnson,,Washington,DC,USA
http://ufcstats.com/event-details/73ef22f25d0f70e2,2011-09-24,UFC 135, Jones vs Rampage,,Denver,Colorado,USA
http://ufcstats.com/event-details/1ffc38f67785797b,2011-09-17,UFC Fight Night, Shields vs Ellenberger,,New Orleans,Louisiana,USA
http://ufcstats.com/event-details/18968f97ad34f15c,2011-08-27,UFC 134, Silva vs Okami,,Rio de Janeiro,Brazil,
http://ufcstats.com/event-details/4c8d6fde2dde07c4,2011-08-14,UFC Live, Hardy vs Lytle,,Milwaukee,Wisconsin,USA
http://ufcstats.com/event-details/f1f9e48a0d150757,2011-08-06,UFC 133, Evans vs Ortiz 2,,Philadelphia,Pennsylvania,USA
http://ufcstats.com/event-details/83fd97284f4bb4a4,2011-07-02,UFC 132, Cruz vs Faber,,Las Vegas,Nevada,USA
http://ufcstats.com/event-details/d023ae89a2a4a41e,2011-06-26,UFC Live, Kongo vs Barry,,Pittsburgh,Pennsylvania,USA
http://ufcstats.com/event-details/aac5ac38148f0528,2011-06-11,UFC 131, Dos Santos vs Carwin,,Vancouver,British Columbia,Canada
http://ufcstats.com/event-details/3ba3b5cc94498437,2011-06-04,The Ultimate Fighter, Team Lesnar vs Team dos Santos Finale,,Las Vegas,Nevada,USA
http://ufcstats.com/event-details/b732b326c362fb62,2011-05-28,UFC 130, Rampage vs Hamill,,Las Vegas,Nevada,USA
http://ufcstats.com/event-details/2db7fa8db6bc9632,2011-04-30,UFC 129, St-Pierre vs Shields,,Toronto,Ontario,Canada
http://ufcstats.com/event-details/8a59d346dc976a10,2011-03-26,UFC Fight Night, Nogueira vs Davis,,Seattle,Washington,USA
http://ufcstats.com/event-details/1411c630ba711b64,2011-03-19,UFC 128, Shogun vs Jones,,Newark,New Jersey,USA
http://ufcstats.com/event-details/a54fc2d6fc224dc3,2011-03-03,UFC Live, Sanchez vs Kampmann,,Louisville,Kentucky,USA
http://ufcstats.com/event-details/88a9bc81271ccd89,2011-02-26,UFC 127, Penn vs Fitch,,Sydney,New South Wales,Australia
http://ufcstats.com/event-details/65ddc8a9ac4e8531,2011-02-05,UFC 126, Silva vs Belfort,,Las Vegas,Nevada,USA
http://ufcstats.com/event-details/282fa667ff9c51ed,2011-01-22,UFC Fight Night, Fight for the Troops 2,,Killeen,Texas,USA
http://ufcstats.com/event-details/d1152823307d7e7c,2011-01-01,UFC 125, Resolution,,Las Vegas,Nevada,USA
http://ufcstats.com/event-details/132f860d02953f4c,2010-12-11,UFC 124, St-Pierre vs Koscheck 2,,Montreal,Quebec,Canada
http://ufcstats.com/event-details/5d7bdab5e03e3216,2010-12-04,The Ultimate Fighter, Team GSP vs Team Koscheck Finale,,Las Vegas,Nevada,USA
http://ufcstats.com/event-details/dd992d569aaebee6,2010-11-20,UFC 123, Rampage vs Machida,,Auburn Hills,Michigan,USA
http://ufcstats.com/event-details/0ff11cc094e887bc,2010-11-13,UFC 122, Marquardt vs Okami,,Oberhausen,North Rhine-Westphalia,Germany
http://ufcstats.com/event-details/afdb76fbd86f6d11,2010-10-23,UFC 121, Lesnar vs Velasquez,,Anaheim,California,USA
http://ufcstats.com/event-details/d512d9f204059f57,2010-10-16,UFC 120, Bisping vs Akiyama,,London,England,United Kingdom
http://ufcstats.com/event-details/ad32471f01e7b1a5,2010-09-25,UFC 119, Mir vs Cro Cop,,Indianapolis,Indiana,USA
http://ufcstats.com/event-details/acff437707625fc7,2010-09-15,UFC Fight Night, Marquardt vs Palhares,,Austin,Texas,USA
http://ufcstats.com/event-details/054defd5420a551f,2010-08-28,UFC 118, Edgar vs Penn 2,,Boston,Massachusetts,USA
http://ufcstats.com/event-details/2f3f12002564bb55,2010-08-07,UFC 117, Silva vs Sonnen,,Oakland,California,USA
http://ufcstats.com/event-details/f12f979b657ab876,2010-08-01,UFC Live, Jones vs Matyushenko,,San Diego,California,USA
http://ufcstats.com/event-details/140745cbbcb023ac,2010-07-03,UFC 116, Lesnar vs Carwin,,Las Vegas,Nevada,USA
http://ufcstats.com/event-details/9bcf8603ceb25680,2010-06-19,The Ultimate Fighter, Team Liddell vs Team Ortiz Finale,,Las Vegas,Nevada,USA
http://ufcstats.com/event-details/cfb65863d5099327,2010-06-12,UFC 115, Liddell vs Franklin,,Vancouver,British Columbia,Canada
http://ufcstats.com/event-details/bfc2fc38a0e20211,2010-05-29,UFC 114, Rampage vs Evans,,Las Vegas,Nevada,USA
http://ufcstats.com/event-details/d0c29452d3272603,2010-05-08,UFC 113, Machida vs Shogun 2,,Montreal,Quebec,Canada
http://ufcstats.com/event-details/24b033b3daf1c9df,2010-04-10,UFC 112, Invincible,,Abu Dhabi,United Arab Emirates,
http://ufcstats.com/event-details/3ed134d85dfbd7b4,2010-03-31,UFC Fight Night, Florian vs Gomi,,Charlotte,North Carolina,USA
http://ufcstats.com/event-details/c80095f6092271a7,2010-03-27,UFC 111, St-Pierre vs Hardy,,Newark,New Jersey,USA
http://ufcstats.com/event-details/3795fca327cbcf23,2010-03-21,UFC Live, Vera vs Jones,,Broomfield,Colorado,USA
http://ufcstats.com/event-details/49efbdc6c9f650c4,2010-02-20,UFC 110, Nogueira vs Velasquez,,Sydney,New South Wales,Australia
http://ufcstats.com/event-details/15edcf67ccf5be84,2010-02-06,UFC 109, Relentless,,Las Vegas,Nevada,USA
http://ufcstats.com/event-details/58bc81376286b3d3,2010-01-11,UFC Fight Night, Maynard vs Diaz,,Fairfax,Virginia,USA
http://ufcstats.com/event-details/a6d8bfe9e0c8153b,2010-01-02,UFC 108, Evans vs Silva,,Las Vegas,Nevada,USA
http://ufcstats.com/event-details/821cd80aab70d5f9,2009-12-12,UFC 107, Penn vs Sanchez,,Memphis,Tennessee,USA
http://ufcstats.com/event-details/91d73ee59347ac16,2009-12-05,The Ultimate Fighter, Heavyweights Finale,,Las Vegas,Nevada,USA
http://ufcstats.com/event-details/84a067c46306a737,2009-11-21,UFC 106, Ortiz vs Griffin 2,,Las Vegas,Nevada,USA
http://ufcstats.com/event-details/fa8b9e6b0c2269f8,2009-11-14,UFC 105, Couture vs Vera,,Manchester,England,United Kingdom
http://ufcstats.com/event-details/7c0847d3854a95f2,2009-10-24,UFC 104, Machida vs Shogun,,Los Angeles,California,USA
http://ufcstats.com/event-details/896c322f56b8be5a,2009-09-19,UFC 103, Franklin vs Belfort,,Dallas,Texas,USA
http://ufcstats.com/event-details/a8ea84cbe1655f0a,2009-09-16,UFC Fight Night, Diaz vs Guillard,,Oklahoma City,Oklahoma,USA
http://ufcstats.com/event-details/c6a33ff198aaaeeb,2009-08-29,UFC 102, Couture vs Nogueira,,Portland,Oregon,USA
http://ufcstats.com/event-details/48d1f690b763934c,2009-08-08,UFC 101, Declaration,,Philadelphia,Pennsylvania,USA
http://ufcstats.com/event-details/0ee783aa00e468f0,2009-07-11,UFC 100,,,Las Vegas,Nevada,USA
http://ufcstats.com/event-details/4908c5ee68a50ee5,2009-06-20,The Ultimate Fighter, United States,United Kingdom Finale,Las Vegas,Nevada,USA
http://ufcstats.com/event-details/cb6783c39c01d896,2009-06-13,UFC 99, The Comeback,,Cologne,North Rhine-Westphalia,Germany
http://ufcstats.com/event-details/c4b6099f0d25f75e,2009-05-23,UFC 98, Evans vs Machida,,Las Vegas,Nevada,USA
http://ufcstats.com/event-details/1652f3213655b935,2009-04-18,UFC 97, Redemption,,Montreal,Quebec,Canada
http://ufcstats.com/event-details/04d5718ed2661e8c,2009-04-01,UFC Fight Night, Condit vs Kampmann,,Nashville,Tennessee,USA
http://ufcstats.com/event-details/29b5791e51e7e832,2009-03-07,UFC 96, Jackson vs Jardine,,Columbus,Ohio,USA
http://ufcstats.com/event-details/7d21de9c6d7c98b2,2009-02-21,UFC 95, Sanchez vs Stevenson,,London,England,United Kingdom
http://ufcstats.com/event-details/d1759b2b7be9be56,2009-02-07,UFC Fight Night, Lauzon vs Stephens,,Tampa,Florida,USA
http://ufcstats.com/event-details/2a542ee8a8b83559,2009-01-31,UFC 94, St-Pierre vs Penn 2,,Las Vegas,Nevada,USA
http://ufcstats.com/event-details/68c6cd5287b473a7,2009-01-17,UFC 93, Franklin vs Henderson,,Dublin,Leinster,Ireland
http://ufcstats.com/event-details/23ab42947c1990e3,2008-12-27,UFC 92, The Ultimate 2008,,Las Vegas,Nevada,USA
http://ufcstats.com/event-details/ea398c802d9998ee,2008-12-13,The Ultimate Fighter, Team Nogueira,Team Mir Finale,Las Vegas,Nevada,USA
http://ufcstats.com/event-details/30cd319d39ee689b,2008-12-10,UFC Fight Night - Fight for the Troops,,,Fayetteville,North Carolina,USA
http://ufcstats.com/event-details/a2b06ca02bca14c0,2008-11-15,UFC 91, Couture vs Lesnar,,Las Vegas,Nevada,USA
http://ufcstats.com/event-details/c670aa48827d6be6,2008-10-25,UFC 90, Silva vs Cote,,Rosemont,Illinois,USA
http://ufcstats.com/event-details/312f47c3d2f83ffa,2008-10-18,UFC 89, Bisping vs Leben,,Birmingham,England,United Kingdom
http://ufcstats.com/event-details/279093302a6f44b3,2008-09-17,UFC Fight Night, Diaz vs Neer,,Omaha,Nebraska,USA
http://ufcstats.com/event-details/0db70ca89e1c7374,2008-09-06,UFC 88, Breakthrough,,Atlanta,Georgia,USA
http://ufcstats.com/event-details/19ffeb5e3fffd6d5,2008-08-09,UFC 87, Seek And Destroy,,Minneapolis,Minnesota,USA
http://ufcstats.com/event-details/46f11d15c0134fe3,2008-07-19,UFC, Silva vs Irvin,,Las Vegas,Nevada,USA
http://ufcstats.com/event-details/bf12aca029bfcc47,2008-07-05,UFC 86, Jackson vs Griffin,,Las Vegas,Nevada,USA
http://ufcstats.com/event-details/2299605af59fd309,2008-06-21,The Ultimate Fighter, Team Rampage vs Team Forrest Finale,,Las Vegas,Nevada,USA
http://ufcstats.com/event-details/2efbc83a6b9b7f86,2008-06-07,UFC 85, Bedlam,,London,England,United Kingdom
http://ufcstats.com/event-details/2549d63da9c456cb,2008-05-24,UFC 84, Ill Will,,Las Vegas,Nevada,USA
http://ufcstats.com/event-details/ad047e3073a775f3,2008-04-19,UFC 83, Serra vs St-Pierre 2,,Montreal,Quebec,Canada
http://ufcstats.com/event-details/b9e871af730f826c,2008-04-02,UFC Fight Night, Florian vs Lauzon,,Broomfield,Colorado,USA
http://ufcstats.com/event-details/598a58db87b890ee,2008-03-01,UFC 82, Pride of a Champion,,Columbus,Ohio,USA
http://ufcstats.com/event-details/597db668b01c442c,2008-02-02,UFC 81, Breaking Point,,Las Vegas,Nevada,USA
http://ufcstats.com/event-details/33e33d51f289d2a1,2008-01-23,UFC Fight Night, Swick vs Burkman,,Las Vegas,Nevada,USA
http://ufcstats.com/event-details/a24e080000fa7a35,2008-01-19,UFC 80, Rapid Fire,,Newcastle,England,United Kingdom
http://ufcstats.com/event-details/7269329bd87eb479,2007-12-29,UFC 79, Nemesis,,Las Vegas,Nevada,USA
http://ufcstats.com/event-details/df85d6ec3493d120,2007-12-08,The Ultimate Fighter, Team Hughes,Team Serra Finale,Las Vegas,Nevada,USA
http://ufcstats.com/event-details/1d147d4163a6989b,2007-11-17,UFC 78, Validation,,Newark,New Jersey,USA
http://ufcstats.com/event-details/91181b29be041f1c,2007-10-20,UFC 77, Hostile Territory,,Cincinnati,Ohio,USA
http://ufcstats.com/event-details/bad28b7b34f334de,2007-09-22,UFC 76, Knockout,,Anaheim,California,USA
http://ufcstats.com/event-details/f341f9551ba744e2,2007-09-19,UFC Fight Night, Thomas vs Florian,,Las Vegas,Nevada,USA
http://ufcstats.com/event-details/0aa92558424ced9e,2007-09-08,UFC 75, Champion vs Champion,,London,England,United Kingdom
http://ufcstats.com/event-details/a5c53b3ddb31cc7d,2007-08-25,UFC 74, Respect,,Las Vegas,Nevada,USA
http://ufcstats.com/event-details/2a6f8136da1e52c0,2007-07-07,UFC 73, Stacked,,Sacramento,California,USA
http://ufcstats.com/event-details/e7ec11096eac0282,2007-06-23,The Ultimate Fighter, Team Pulver,Team Penn Finale,Las Vegas,Nevada,USA
http://ufcstats.com/event-details/5ca158b1cc9cb242,2007-06-16,UFC 72, Victory,,Belfast,Northern Ireland,United Kingdom
http://ufcstats.com/event-details/304fcd812f12c589,2007-06-12,UFC Fight Night, Stout vs Fisher,,Hollywood,Florida,USA
http://ufcstats.com/event-details/2e04a3b4a2011b97,2007-05-26,UFC 71, Liddell vs Jackson,,Las Vegas,Nevada,USA
http://ufcstats.com/event-details/4604ab1de9058474,2007-04-21,UFC 70, Nations Collide,,Manchester,England,United Kingdom
http://ufcstats.com/event-details/c1684f00c626f4c0,2007-04-07,UFC 69, Shootout,,Houston,Texas,USA
http://ufcstats.com/event-details/a6c2f5381d575920,2007-04-05,UFC Fight Night, Stevenson vs Guillard,,Las Vegas,Nevada,USA
http://ufcstats.com/event-details/de3ed2e152520c8d,2007-03-03,UFC 68, The Uprising,,Columbus,Ohio,USA
http://ufcstats.com/event-details/63b65af1c5cb02cb,2007-02-03,UFC 67, All or Nothing,,Las Vegas,Nevada,USA
http://ufcstats.com/event-details/13c4313ed0f744f3,2007-01-25,UFC Fight Night, Evans vs Salmon,,Hollywood,Florida,USA
http://ufcstats.com/event-details/ee5df903f80c6816,2006-12-30,UFC 66, Liddell vs Ortiz 2,,Las Vegas,Nevada,USA
http://ufcstats.com/event-details/21b8a0f5c231096f,2006-12-13,UFC Fight Night, Sanchez vs Riggs,,San Diego,California,USA
http://ufcstats.com/event-details/3fed746acfd026dd,2006-11-18,UFC 65, Bad Intentions,,Sacramento,California,USA
http://ufcstats.com/event-details/baf942f4bcb09894,2006-11-11,The Ultimate Fighter, The Comeback Finale,,Las Vegas,Nevada,USA
http://ufcstats.com/event-details/13b2f59210dda9cc,2006-10-14,UFC 64, Unstoppable,,Las Vegas,Nevada,USA
http://ufcstats.com/event-details/577ec7e108b94be3,2006-10-10,Ortiz vs Shamrock 3, The Final Chapter,,Hollywood,Florida,USA
http://ufcstats.com/event-details/13e62d766b709aa6,2006-09-23,UFC 63, Hughes vs Penn,,Anaheim,California,USA
http://ufcstats.com/event-details/f717b6002486f73f,2006-08-26,UFC 62, Liddell vs Sobral,,Las Vegas,Nevada,USA
http://ufcstats.com/event-details/46c8ec317aff28ac,2006-08-17,UFC Fight Night 6,,,Las Vegas,Nevada,USA
http://ufcstats.com/event-details/f70144caea5c4c80,2006-07-08,UFC 61, Bitter Rivals,,Las Vegas,Nevada,USA
http://ufcstats.com/event-details/445a98acb8985970,2006-06-28,UFC Fight Night 5,,,Las Vegas,Nevada,USA
http://ufcstats.com/event-details/1dab0d1d81dd06db,2006-06-24,The Ultimate Fighter, Team Ortiz,Team Shamrock Finale,Las Vegas,Nevada,USA
http://ufcstats.com/event-details/a54a35a670d8e852,2006-05-27,UFC 60, Hughes vs Gracie,,Los Angeles,California,USA
http://ufcstats.com/event-details/03688dc3c3af3ac1,2006-04-15,UFC 59, Reality Check,,Anaheim,California,USA
http://ufcstats.com/event-details/b361180739bed4b0,2006-04-06,UFC Fight Night 4,,,Las Vegas,Nevada,USA
http://ufcstats.com/event-details/0e9869d712e81f8f,2006-03-04,UFC 58, USA vs Canada,,Las Vegas,Nevada,USA
http://ufcstats.com/event-details/977081bc01197656,2006-02-04,UFC 57, Liddell vs Couture 3,,Las Vegas,Nevada,USA
http://ufcstats.com/event-details/2ee09ec2a0695eb9,2006-01-16,UFC Fight Night 3,,,Las Vegas,Nevada,USA
http://ufcstats.com/event-details/c7e9d15cfce52f1d,2005-11-19,UFC 56, Full Force,,Las Vegas,Nevada,USA
http://ufcstats.com/event-details/31ceaf0e670c1578,2005-11-05,The Ultimate Fighter, Team Hughes,Team Franklin Finale,Las Vegas,Nevada,USA
http://ufcstats.com/event-details/271fe91f4ba9d2c5,2005-10-07,UFC 55, Fury,,Uncasville,Connecticut,USA
http://ufcstats.com/event-details/efaf544314bb5c2e,2005-10-03,UFC Fight Night 2,,,Las Vegas,Nevada,USA
http://ufcstats.com/event-details/669a3cb6e394f515,2005-08-20,UFC 54, Boiling Point,,Las Vegas,Nevada,USA
http://ufcstats.com/event-details/3f24c96753dbd9f9,2005-08-06,UFC Fight Night 1,,,Las Vegas,Nevada,USA
http://ufcstats.com/event-details/d3711d3784b76255,2005-06-04,UFC 53, Heavy Hitters,,Atlantic City,New Jersey,USA
http://ufcstats.com/event-details/c933d423ebdbbbdb,2005-04-16,UFC 52, Couture vs Liddell 2,,Las Vegas,Nevada,USA
http://ufcstats.com/event-details/fbbde91f7bc2d3c5,2005-04-09,The Ultimate Fighter, Team Couture,Team Liddell Finale,Las Vegas,Nevada,USA
http://ufcstats.com/event-details/85d905f7c4f5a1af,2005-02-05,UFC 51, Super Saturday,,Las Vegas,Nevada,USA
http://ufcstats.com/event-details/ce783bf73b5131f9,2004-10-22,UFC 50, The War Of '04,,Atlantic City,New Jersey,USA
http://ufcstats.com/event-details/b4bc2e3353a770b5,2004-08-21,UFC 49, Unfinished Business,,Las Vegas,Nevada,USA
http://ufcstats.com/event-details/429e7d3725852ce9,2004-06-19,UFC 48, Payback,,Las Vegas,Nevada,USA
http://ufcstats.com/event-details/e8fb8e53bc2e29d6,2004-04-02,UFC 47, It's On!,,Las Vegas,Nevada,USA
http://ufcstats.com/event-details/94609dd91731d428,2004-01-31,UFC 46, Supernatural,,Las Vegas,Nevada,USA
http://ufcstats.com/event-details/e670f8cc2969a789,2003-11-21,UFC 45, Revolution,,Uncasville,Connecticut,USA
http://ufcstats.com/event-details/c61f66d8c3fd5f07,2003-09-26,UFC 44, Undisputed,,Las Vegas,Nevada,USA
http://ufcstats.com/event-details/108afe61a26bcbf4,2003-06-06,UFC 43, Meltdown,,Las Vegas,Nevada,USA
http://ufcstats.com/event-details/ae58685caf8e4a0d,2003-04-25,UFC 42, Sudden Impact,,Miami,Florida,USA
http://ufcstats.com/event-details/bba678d312590087,2003-02-28,UFC 41, Onslaught,,Atlantic City,New Jersey,USA
http://ufcstats.com/event-details/e06fd1260ac865a7,2002-11-22,UFC 40, Vendetta,,Las Vegas,Nevada,USA
http://ufcstats.com/event-details/0cf935519d439ba6,2002-09-27,UFC 39, The Warriors Return,,Uncasville,Connecticut,USA
http://ufcstats.com/event-details/1dc56b59cb28425d,2002-07-13,UFC 38, Brawl at the Hall,,London,England,United Kingdom
http://ufcstats.com/event-details/9ccdd2ce45903f34,2002-06-22,UFC 37.5, As Real As It Gets,,Las Vegas,Nevada,USA
http://ufcstats.com/event-details/9fd1f08dd4aec14a,2002-05-10,UFC 37, High Impact,,Bossier City,Louisiana,USA
http://ufcstats.com/event-details/02fc8f50f56eb307,2002-03-22,UFC 36, Worlds Collide,,Las Vegas,Nevada,USA
http://ufcstats.com/event-details/946f341df6472ee0,2002-01-11,UFC 35, Throwdown,,Uncasville,Connecticut,USA
http://ufcstats.com/event-details/4dc496aa0cfc0d95,2001-11-02,UFC 34, High Voltage,,Las Vegas,Nevada,USA
http://ufcstats.com/event-details/c75b99887c8c3f5a,2001-09-28,UFC 33, Victory in Vegas,,Las Vegas,Nevada,USA
http://ufcstats.com/event-details/7b9aa973e5c04624,2001-06-29,UFC 32, Showdown in the Meadowlands,,East Rutherford,New Jersey,USA
http://ufcstats.com/event-details/20bd6c3e03c46ee6,2001-05-04,UFC 31, Locked and Loaded,,Atlantic City,New Jersey,USA
http://ufcstats.com/event-details/2b1587a3376ab743,2001-02-23,UFC 30, Battle on the Boardwalk,,Atlantic City,New Jersey,USA
http://ufcstats.com/event-details/08ae5cd9aef7ddd3,2000-12-16,UFC 29, Defense of the Belts,,Tokyo,Japan,
http://ufcstats.com/event-details/da6dfd09cca1d705,2000-11-17,UFC 28, High Stakes,,Atlantic City,New Jersey,USA
http://ufcstats.com/event-details/31652c9267606d54,2000-09-22,UFC 27, Ultimate Bad Boyz,,New Orleans,Louisiana,USA
http://ufcstats.com/event-details/cedfdf8d423d500c,2000-06-09,UFC 26, Ultimate Field Of Dreams,,Cedar Rapids,Iowa,USA
http://ufcstats.com/event-details/d2b1c1317a39f6c6,2000-04-14,UFC 25, Ultimate Japan 3,,Tokyo,Japan,
http://ufcstats.com/event-details/20ec0061400178ca,2000-03-10,UFC 24, First Defense,,Lake Charles,Louisiana,USA
http://ufcstats.com/event-details/a8fa0c4e95512806,1999-11-19,UFC 23, Ultimate Japan 2,,Chiba,Japan,
http://ufcstats.com/event-details/afaad7d6a581e307,1999-09-24,UFC 22, Only One Can be Champion,,Lake Charles,Louisiana,USA
http://ufcstats.com/event-details/1a1a4d7a29041d77,1999-07-16,UFC 21, Return of the Champions,,Cedar Rapids,Iowa,USA
http://ufcstats.com/event-details/a7b48e18ca27795d,1999-05-07,UFC 20, Battle for the Gold,,Birmingham,Alabama,USA
http://ufcstats.com/event-details/a220be6d41d6f97d,1999-03-05,UFC 19, Ultimate Young Guns,,Bay St. Louis,Mississippi,USA
http://ufcstats.com/event-details/c9bbf1a0285a8076,1999-01-08,UFC 18, The Road to the Heavyweight Title,,New Orleans,Louisiana,USA
http://ufcstats.com/event-details/32a3025d5db456ae,1998-10-16,UFC - Ultimate Brazil,,,Sao Paulo,Brazil,
http://ufcstats.com/event-details/4a01dc8376736ef5,1998-05-15,UFC 17, Redemption,,Mobile,Alabama,USA
http://ufcstats.com/event-details/749685d24e2cac50,1998-03-13,UFC 16, Battle in the Bayou,,New Orleans,Louisiana,USA
http://ufcstats.com/event-details/29f935654825331b,1997-12-21,UFC - Ultimate Japan,,,Yokohama,Kanagawa,Japan
http://ufcstats.com/event-details/07a18ae55dfc3cd9,1997-10-17,UFC 15, Collision Course,,Bay St. Louis,Mississippi,USA
http://ufcstats.com/event-details/dc950d59dc590aca,1997-07-27,UFC 14, Showdown,,Birmingham,Alabama,USA
http://ufcstats.com/event-details/5bd533d50c8e7b8a,1997-05-30,UFC 13, The Ultimate Force,,Augusta,Georgia,USA
http://ufcstats.com/event-details/96eff1a628adcc7f,1997-02-07,UFC 12, Judgement Day,,Dothan,Alabama,USA
http://ufcstats.com/event-details/9b5b5a75523728f3,1996-12-07,UFC - Ultimate Ultimate '96,,,Birmingham,Alabama,USA
http://ufcstats.com/event-details/6ceff86fae4f6b3b,1996-09-20,UFC 11, The Proving Ground,,Augusta,Georgia,USA
http://ufcstats.com/event-details/aee8eecfc4bfb1e7,1996-07-12,UFC 10, The Tournament,,Birmingham,Alabama,USA
http://ufcstats.com/event-details/a390eb8a9b2df298,1996-05-17,UFC 9, Motor City Madness,,Detroit,Michigan,USA
http://ufcstats.com/event-details/b63e800c18e011b5,1996-02-16,UFC 8, David vs Goliath,,San Juan,Puerto Rico,
http://ufcstats.com/event-details/31bbd46d57dfbcb7,1995-12-16,UFC - Ultimate Ultimate '95,,,Denver,Colorado,USA
http://ufcstats.com/event-details/5af480a3b2e1726b,1995-09-08,UFC 7, The Brawl in Buffalo,,Buffalo,New York,USA
http://ufcstats.com/event-details/1c3f5e85b59ec710,1995-07-14,UFC 6, Clash of the Titans,,Casper,Wyoming,USA
http://ufcstats.com/event-details/dedc3bb440d09554,1995-04-07,UFC 5, The Return of the Beast,,Charlotte,North Carolina,USA
http://ufcstats.com/event-details/b60391da771deefe,1994-12-16,UFC 4, Revenge of the Warriors,,Tulsa,Oklahoma,USA
http://ufcstats.com/event-details/1a49e0670dfaca31,1994-09-09,UFC 3, The American Dream,,Charlotte,North Carolina,USA
http://ufcstats.com/event-details/a6a9ab5a824e8f66,1994-03-11,UFC 2, No Way Out,,Denver,Colorado,USA
